id;name;source_id;node_id;lat;long;country_code;comment;param;uncertainty;method;tags
GIE_N_0;Zeebrugge LNG Terminal;['GIE_LG_0'];['GIE_N_0'];51.323;3.213;BE;None;{'eic_code': '21X000000001006T', 'elevation_m': 1, 'exact': 2, 'facility_code': '21W0000000001245', 'name_short': 'Zeebrugge', 'nuts_id_1': 'BE2', 'nuts_id_2': 'BE25', 'nuts_id_3': 'BE251'};{'eic_code': 0, 'elevation_m': 0, 'exact': 0, 'facility_code': 0, 'name_short': 0, 'nuts_id_1': 0, 'nuts_id_2': 0, 'nuts_id_3': 0};{'eic_code': 'raw', 'elevation_m': 'Bing API', 'exact': 'raw', 'facility_code': 'raw', 'name_short': 'raw', 'nuts_id_1': 'M_Consumers.add_Nuts_Num()', 'nuts_id_2': 'M_Consumers.add_Nuts_Num()', 'nuts_id_3': 'M_Consumers.add_Nuts_Num()'};{}
GIE_N_1;Bilbao LNG Terminal;['GIE_LG_1'];['GIE_N_1'];43.3612;-3.09473;ES;None;{'eic_code': '21X000000001352A', 'elevation_m': 101, 'exact': 2, 'facility_code': '21W0000000000362', 'name_short': 'Bilbao', 'nuts_id_1': 'ES2', 'nuts_id_2': 'ES21', 'nuts_id_3': 'ES213'};{'eic_code': 0, 'elevation_m': 0, 'exact': 0, 'facility_code': 0, 'name_short': 0, 'nuts_id_1': 0, 'nuts_id_2': 0, 'nuts_id_3': 0};{'eic_code': 'raw', 'elevation_m': 'Bing API', 'exact': 'raw', 'facility_code': 'raw', 'name_short': 'raw', 'nuts_id_1': 'M_Consumers.add_Nuts_Num()', 'nuts_id_2': 'M_Consumers.add_Nuts_Num()', 'nuts_id_3': 'M_Consumers.add_Nuts_Num()'};{}
GIE_N_2;Barcelona LNG Terminal;['GIE_LG_2'];['GIE_N_2'];41.398;2.174;ES;None;{'eic_code': '21X000000001254A', 'elevation_m': 59, 'exact': 2, 'facility_code': '21W000000000039X', 'name_short': 'Barcelona', 'nuts_id_1': 'ES5', 'nuts_id_2': 'ES51', 'nuts_id_3': 'ES511'};{'eic_code': 0, 'elevation_m': 0, 'exact': 0, 'facility_code': 0, 'name_short': 0, 'nuts_id_1': 0, 'nuts_id_2': 0, 'nuts_id_3': 0};{'eic_code': 'raw', 'elevation_m': 'Bing API', 'exact': 'raw', 'facility_code': 'raw', 'name_short': 'raw', 'nuts_id_1': 'M_Consumers.add_Nuts_Num()', 'nuts_id_2': 'M_Consumers.add_Nuts_Num()', 'nuts_id_3': 'M_Consumers.add_Nuts_Num()'};{}
GIE_N_3;Cartagena LNG Terminal;['GIE_LG_3'];['GIE_N_3'];37.624;-0.998;ES;None;{'eic_code': '21X000000001254A', 'elevation_m': 21, 'exact': 2, 'facility_code': '21W000000000038Z', 'name_short': 'Cartagena', 'nuts_id_1': 'ES6', 'nuts_id_2': 'ES62', 'nuts_id_3': 'ES620'};{'eic_code': 0, 'elevation_m': 0, 'exact': 0, 'facility_code': 0, 'name_short': 0, 'nuts_id_1': 0, 'nuts_id_2': 0, 'nuts_id_3': 0};{'eic_code': 'raw', 'elevation_m': 'Bing API', 'exact': 'raw', 'facility_code': 'raw', 'name_short': 'raw', 'nuts_id_1': 'M_Consumers.add_Nuts_Num()', 'nuts_id_2': 'M_Consumers.add_Nuts_Num()', 'nuts_id_3': 'M_Consumers.add_Nuts_Num()'};{}
GIE_N_4;Huelva LNG Terminal;['GIE_LG_4'];['GIE_N_4'];37.2583;-6.9508;ES;None;{'eic_code': '21X000000001254A', 'elevation_m': 16, 'exact': 1, 'facility_code': '21W0000000000370', 'name_short': 'Huelva', 'nuts_id_1': 'ES6', 'nuts_id_2': 'ES61', 'nuts_id_3': 'ES615'};{'eic_code': 0, 'elevation_m': 0, 'exact': 0, 'facility_code': 0, 'name_short': 0, 'nuts_id_1': 0, 'nuts_id_2': 0, 'nuts_id_3': 0};{'eic_code': 'raw', 'elevation_m': 'Bing API', 'exact': 'raw', 'facility_code': 'raw', 'name_short': 'raw', 'nuts_id_1': 'M_Consumers.add_Nuts_Num()', 'nuts_id_2': 'M_Consumers.add_Nuts_Num()', 'nuts_id_3': 'M_Consumers.add_Nuts_Num()'};{}
GIE_N_5;Sagunto LNG Terminal;['GIE_LG_5'];['GIE_N_5'];39.6426;-0.2344;ES;None;{'eic_code': '18XTGPRS-12345-G', 'elevation_m': 45, 'exact': 1, 'facility_code': '21W0000000000354', 'name_short': 'Sagunto', 'nuts_id_1': 'ES5', 'nuts_id_2': 'ES52', 'nuts_id_3': 'ES523'};{'eic_code': 0, 'elevation_m': 0, 'exact': 0, 'facility_code': 0, 'name_short': 0, 'nuts_id_1': 0, 'nuts_id_2': 0, 'nuts_id_3': 0};{'eic_code': 'raw', 'elevation_m': 'Bing API', 'exact': 'raw', 'facility_code': 'raw', 'name_short': 'raw', 'nuts_id_1': 'M_Consumers.add_Nuts_Num()', 'nuts_id_2': 'M_Consumers.add_Nuts_Num()', 'nuts_id_3': 'M_Consumers.add_Nuts_Num()'};{}
GIE_N_6;Mugardos LNG Terminal;['GIE_LG_6'];['GIE_N_6'];43.4578;-8.253;ES;None;{'eic_code': '18XRGNSA-12345-V', 'elevation_m': 42, 'exact': 2, 'facility_code': '21W0000000000338', 'name_short': 'Mugardos', 'nuts_id_1': 'ES1', 'nuts_id_2': 'ES11', 'nuts_id_3': 'ES111'};{'eic_code': 0, 'elevation_m': 0, 'exact': 0, 'facility_code': 0, 'name_short': 0, 'nuts_id_1': 0, 'nuts_id_2': 0, 'nuts_id_3': 0};{'eic_code': 'raw', 'elevation_m': 'Bing API', 'exact': 'raw', 'facility_code': 'raw', 'name_short': 'raw', 'nuts_id_1': 'M_Consumers.add_Nuts_Num()', 'nuts_id_2': 'M_Consumers.add_Nuts_Num()', 'nuts_id_3': 'M_Consumers.add_Nuts_Num()'};{}
GIE_N_7;Fos Tonkin LNG Terminal;['GIE_LG_7'];['GIE_N_7'];43.454;4.85167;FR;None;{'eic_code': '21X0000000010679', 'elevation_m': 3, 'exact': 1, 'facility_code': '63W179356656691A', 'name_short': 'FosTonkin', 'nuts_id_1': 'FRL', 'nuts_id_2': 'FRL0', 'nuts_id_3': 'FRL04'};{'eic_code': 0, 'elevation_m': 0, 'exact': 0, 'facility_code': 0, 'name_short': 0, 'nuts_id_1': 0, 'nuts_id_2': 0, 'nuts_id_3': 0};{'eic_code': 'raw', 'elevation_m': 'Bing API', 'exact': 'raw', 'facility_code': 'raw', 'name_short': 'raw', 'nuts_id_1': 'M_Consumers.add_Nuts_Num()', 'nuts_id_2': 'M_Consumers.add_Nuts_Num()', 'nuts_id_3': 'M_Consumers.add_Nuts_Num()'};{}
GIE_N_8;Montoir de Bretagne LNG Terminal;['GIE_LG_8'];['GIE_N_8'];47.32;-2.14;FR;None;{'eic_code': '21X0000000010679', 'elevation_m': 3, 'exact': 2, 'facility_code': '63W631527814486R', 'name_short': 'MontoirDeBretagne', 'nuts_id_1': 'FRG', 'nuts_id_2': 'FRG0', 'nuts_id_3': 'FRG01'};{'eic_code': 0, 'elevation_m': 0, 'exact': 0, 'facility_code': 0, 'name_short': 0, 'nuts_id_1': 0, 'nuts_id_2': 0, 'nuts_id_3': 0};{'eic_code': 'raw', 'elevation_m': 'Bing API', 'exact': 'raw', 'facility_code': 'raw', 'name_short': 'raw', 'nuts_id_1': 'M_Consumers.add_Nuts_Num()', 'nuts_id_2': 'M_Consumers.add_Nuts_Num()', 'nuts_id_3': 'M_Consumers.add_Nuts_Num()'};{}
GIE_N_9;Dunkerque LNG Terminal;['GIE_LG_9'];['GIE_N_9'];51.033134;2.194792;FR;None;{'eic_code': '21X000000001331I', 'elevation_m': 1, 'exact': 1, 'facility_code': '21W0000000000451', 'name_short': 'Dunkerque', 'nuts_id_1': 'FRE', 'nuts_id_2': 'FRE1', 'nuts_id_3': 'FRE11'};{'eic_code': 0, 'elevation_m': 0, 'exact': 0, 'facility_code': 0, 'name_short': 0, 'nuts_id_1': 0, 'nuts_id_2': 0, 'nuts_id_3': 0};{'eic_code': 'raw', 'elevation_m': 'Bing API', 'exact': 'raw', 'facility_code': 'raw', 'name_short': 'raw', 'nuts_id_1': 'M_Consumers.add_Nuts_Num()', 'nuts_id_2': 'M_Consumers.add_Nuts_Num()', 'nuts_id_3': 'M_Consumers.add_Nuts_Num()'};{}
GIE_N_10;Fos Cavaou LNG Terminal;['GIE_LG_10'];['GIE_N_10'];43.42239;4.89863;FR;None;{'eic_code': '21X000000001070K', 'elevation_m': 2, 'exact': 1, 'facility_code': '63W943693783886F', 'name_short': 'FosCavaou', 'nuts_id_1': 'FRL', 'nuts_id_2': 'FRL0', 'nuts_id_3': 'FRL04'};{'eic_code': 0, 'elevation_m': 0, 'exact': 0, 'facility_code': 0, 'name_short': 0, 'nuts_id_1': 0, 'nuts_id_2': 0, 'nuts_id_3': 0};{'eic_code': 'raw', 'elevation_m': 'Bing API', 'exact': 'raw', 'facility_code': 'raw', 'name_short': 'raw', 'nuts_id_1': 'M_Consumers.add_Nuts_Num()', 'nuts_id_2': 'M_Consumers.add_Nuts_Num()', 'nuts_id_3': 'M_Consumers.add_Nuts_Num()'};{}
GIE_N_11;Isle of Grain LNG Terminal;['GIE_LG_11'];['GIE_N_11'];51.45;0.711;GB;None;{'eic_code': '21X-GB-A-A0A0A-7', 'elevation_m': 2, 'exact': 4, 'facility_code': '21W000000000099F', 'name_short': 'IsleofGrain', 'nuts_id_1': 'UKJ', 'nuts_id_2': 'UKJ4', 'nuts_id_3': 'UKJ41'};{'eic_code': 0, 'elevation_m': 0, 'exact': 0, 'facility_code': 0, 'name_short': 0, 'nuts_id_1': 0, 'nuts_id_2': 0, 'nuts_id_3': 0};{'eic_code': 'raw', 'elevation_m': 'Bing API', 'exact': 'raw', 'facility_code': 'raw', 'name_short': 'raw', 'nuts_id_1': 'M_Consumers.add_Nuts_Num()', 'nuts_id_2': 'M_Consumers.add_Nuts_Num()', 'nuts_id_3': 'M_Consumers.add_Nuts_Num()'};{}
GIE_N_12;South Hook LNG Terminal;['GIE_LG_12'];['GIE_N_12'];51.713781;-5.078012;GB;None;{'eic_code': '21X0000000013554', 'elevation_m': 38, 'exact': 1, 'facility_code': '21W0000000000419', 'name_short': 'SouthHook', 'nuts_id_1': 'UKL', 'nuts_id_2': 'UKL1', 'nuts_id_3': 'UKL14'};{'eic_code': 0, 'elevation_m': 0, 'exact': 0, 'facility_code': 0, 'name_short': 0, 'nuts_id_1': 0, 'nuts_id_2': 0, 'nuts_id_3': 0};{'eic_code': 'raw', 'elevation_m': 'Bing API', 'exact': 'raw', 'facility_code': 'raw', 'name_short': 'raw', 'nuts_id_1': 'M_Consumers.add_Nuts_Num()', 'nuts_id_2': 'M_Consumers.add_Nuts_Num()', 'nuts_id_3': 'M_Consumers.add_Nuts_Num()'};{}
GIE_N_13;Revythoussa LNG Terminal;['GIE_LG_13'];['GIE_N_13'];37.96;23.4023;GR;None;{'eic_code': '21X-GR-A-A0A0A-G', 'elevation_m': 13, 'exact': 2, 'facility_code': '21W000000000040B', 'name_short': 'Revythoussa', 'nuts_id_1': 'GR', 'nuts_id_2': 'GR', 'nuts_id_3': 'GR'};{'eic_code': 0, 'elevation_m': 0, 'exact': 0, 'facility_code': 0, 'name_short': 0, 'nuts_id_1': 0, 'nuts_id_2': 0, 'nuts_id_3': 0};{'eic_code': 'raw', 'elevation_m': 'Bing API', 'exact': 'raw', 'facility_code': 'raw', 'name_short': 'raw', 'nuts_id_1': 'M_Consumers.add_Nuts_Num()', 'nuts_id_2': 'M_Consumers.add_Nuts_Num()', 'nuts_id_3': 'M_Consumers.add_Nuts_Num()'};{}
GIE_N_14;Panigaglia LNG Terminal;['GIE_LG_14'];['GIE_N_14'];44.073876;9.830632;IT;None;{'eic_code': '26X00000117915-0', 'elevation_m': 0, 'exact': 1, 'facility_code': '59W0000000000011', 'name_short': 'Panigaglia', 'nuts_id_1': 'ITC', 'nuts_id_2': 'ITC3', 'nuts_id_3': 'ITC34'};{'eic_code': 0, 'elevation_m': 0, 'exact': 0, 'facility_code': 0, 'name_short': 0, 'nuts_id_1': 0, 'nuts_id_2': 0, 'nuts_id_3': 0};{'eic_code': 'raw', 'elevation_m': 'Bing API', 'exact': 'raw', 'facility_code': 'raw', 'name_short': 'raw', 'nuts_id_1': 'M_Consumers.add_Nuts_Num()', 'nuts_id_2': 'M_Consumers.add_Nuts_Num()', 'nuts_id_3': 'M_Consumers.add_Nuts_Num()'};{}
GIE_N_15;FSRU OLT Offshore LNG Toscana;['GIE_LG_15'];['GIE_N_15'];43.548;10.2808;IT;None;{'eic_code': '21X000000001109G', 'elevation_m': 4, 'exact': 2, 'facility_code': '21W0000000000443', 'name_short': 'Toscana', 'nuts_id_1': 'ITI', 'nuts_id_2': 'ITI1', 'nuts_id_3': 'ITI17'};{'eic_code': 0, 'elevation_m': 0, 'exact': 0, 'facility_code': 0, 'name_short': 0, 'nuts_id_1': 0, 'nuts_id_2': 0, 'nuts_id_3': 0};{'eic_code': 'raw', 'elevation_m': 'Bing API', 'exact': 'raw', 'facility_code': 'raw', 'name_short': 'raw', 'nuts_id_1': 'M_Consumers.add_Nuts_Num()', 'nuts_id_2': 'M_Consumers.add_Nuts_Num()', 'nuts_id_3': 'M_Consumers.add_Nuts_Num()'};{}
GIE_N_16;Porto Levante LNG Terminal;['GIE_LG_16'];['GIE_N_16'];45.048836;12.36397;IT;None;{'eic_code': '21X000000001360B', 'elevation_m': -1, 'exact': 2, 'facility_code': '21W000000000082W', 'name_short': 'PortoLevante', 'nuts_id_1': 'ITH', 'nuts_id_2': 'ITH3', 'nuts_id_3': 'ITH37'};{'eic_code': 0, 'elevation_m': 0, 'exact': 0, 'facility_code': 0, 'name_short': 0, 'nuts_id_1': 0, 'nuts_id_2': 0, 'nuts_id_3': 0};{'eic_code': 'raw', 'elevation_m': 'Bing API', 'exact': 'raw', 'facility_code': 'raw', 'name_short': 'raw', 'nuts_id_1': 'M_Consumers.add_Nuts_Num()', 'nuts_id_2': 'M_Consumers.add_Nuts_Num()', 'nuts_id_3': 'M_Consumers.add_Nuts_Num()'};{}
GIE_N_17;FSRU Independence;['GIE_LG_17'];['GIE_N_17'];55.7252;21.151954;LT;None;{'eic_code': '21X0000000013740', 'elevation_m': 16, 'exact': 1, 'facility_code': '21W0000000001253', 'name_short': 'Klaipeda', 'nuts_id_1': 'LT0', 'nuts_id_2': 'LT02', 'nuts_id_3': 'LT023'};{'eic_code': 0, 'elevation_m': 0, 'exact': 0, 'facility_code': 0, 'name_short': 0, 'nuts_id_1': 0, 'nuts_id_2': 0, 'nuts_id_3': 0};{'eic_code': 'raw', 'elevation_m': 'Bing API', 'exact': 'raw', 'facility_code': 'raw', 'name_short': 'raw', 'nuts_id_1': 'M_Consumers.add_Nuts_Num()', 'nuts_id_2': 'M_Consumers.add_Nuts_Num()', 'nuts_id_3': 'M_Consumers.add_Nuts_Num()'};{}
GIE_N_18;Rotterdam Gate Terminal;['GIE_LG_18'];['GIE_N_18'];51.9536;4.5614;NL;None;{'eic_code': '21X000000001063H', 'elevation_m': -6, 'exact': 1, 'facility_code': '21W0000000000079', 'name_short': 'RotterdamGate', 'nuts_id_1': 'NL3', 'nuts_id_2': 'NL33', 'nuts_id_3': 'NL33C'};{'eic_code': 0, 'elevation_m': 0, 'exact': 0, 'facility_code': 0, 'name_short': 0, 'nuts_id_1': 0, 'nuts_id_2': 0, 'nuts_id_3': 0};{'eic_code': 'raw', 'elevation_m': 'Bing API', 'exact': 'raw', 'facility_code': 'raw', 'name_short': 'raw', 'nuts_id_1': 'M_Consumers.add_Nuts_Num()', 'nuts_id_2': 'M_Consumers.add_Nuts_Num()', 'nuts_id_3': 'M_Consumers.add_Nuts_Num()'};{}
GIE_N_20;Sines LNG Terminal;['GIE_LG_20'];['GIE_N_20'];37.9583;-8.8048;PT;None;{'eic_code': '21X0000000013619', 'elevation_m': 38, 'exact': 1, 'facility_code': '16WTGNL01------O', 'name_short': 'Sines', 'nuts_id_1': 'PT1', 'nuts_id_2': 'PT18', 'nuts_id_3': 'PT181'};{'eic_code': 0, 'elevation_m': 0, 'exact': 0, 'facility_code': 0, 'name_short': 0, 'nuts_id_1': 0, 'nuts_id_2': 0, 'nuts_id_3': 0};{'eic_code': 'raw', 'elevation_m': 'Bing API', 'exact': 'raw', 'facility_code': 'raw', 'name_short': 'raw', 'nuts_id_1': 'M_Consumers.add_Nuts_Num()', 'nuts_id_2': 'M_Consumers.add_Nuts_Num()', 'nuts_id_3': 'M_Consumers.add_Nuts_Num()'};{}
GIE_N_20;UGS Haidach (astora);['GIE_SR_20'];['GIE_N_20'];47.9867;13.232375;AT;None;{'eic_code': '21X000000001160J', 'elevation_m': 562, 'exact': 1, 'facility_code': '21W000000000078N', 'name_short': 'Haidach', 'nuts_id_1': 'AT3', 'nuts_id_2': 'AT32', 'nuts_id_3': 'AT323'};{'eic_code': 0, 'elevation_m': 0, 'exact': 0, 'facility_code': 0, 'name_short': 0, 'nuts_id_1': 0, 'nuts_id_2': 0, 'nuts_id_3': 0};{'eic_code': 'raw', 'elevation_m': 'Bing API', 'exact': 'raw', 'facility_code': 'raw', 'name_short': 'raw', 'nuts_id_1': 'M_Consumers.add_Nuts_Num()', 'nuts_id_2': 'M_Consumers.add_Nuts_Num()', 'nuts_id_3': 'M_Consumers.add_Nuts_Num()'};{}
GIE_N_21;UGS Haidach (GSA);['GIE_SR_21'];['GIE_N_21'];47.9867;13.232375;AT;None;{'eic_code': '25X-GSALLC-----E', 'elevation_m': 562, 'exact': 1, 'facility_code': '25W-SPHAID-GAZ-M', 'name_short': 'Haidach', 'nuts_id_1': 'AT3', 'nuts_id_2': 'AT32', 'nuts_id_3': 'AT323'};{'eic_code': 0, 'elevation_m': 0, 'exact': 0, 'facility_code': 0, 'name_short': 0, 'nuts_id_1': 0, 'nuts_id_2': 0, 'nuts_id_3': 0};{'eic_code': 'raw', 'elevation_m': 'Bing API', 'exact': 'raw', 'facility_code': 'raw', 'name_short': 'raw', 'nuts_id_1': 'M_Consumers.add_Nuts_Num()', 'nuts_id_2': 'M_Consumers.add_Nuts_Num()', 'nuts_id_3': 'M_Consumers.add_Nuts_Num()'};{}
GIE_N_22;VGS OMV Gas Storage Pool (Tallesbrunn & Schoenkirchen / Reyersdorf);['GIE_SR_22'];['GIE_N_22'];48.355222;16.778209;AT;None;{'eic_code': '25X-OMVGASSTORA5', 'elevation_m': 161, 'exact': 1, 'facility_code': '21W000000000081Y', 'name_short': 'Tallesbrunn', 'nuts_id_1': 'AT1', 'nuts_id_2': 'AT12', 'nuts_id_3': 'AT126'};{'eic_code': 0, 'elevation_m': 0, 'exact': 0, 'facility_code': 0, 'name_short': 0, 'nuts_id_1': 0, 'nuts_id_2': 0, 'nuts_id_3': 0};{'eic_code': 'raw', 'elevation_m': 'Bing API', 'exact': 'raw', 'facility_code': 'raw', 'name_short': 'raw', 'nuts_id_1': 'M_Consumers.add_Nuts_Num()', 'nuts_id_2': 'M_Consumers.add_Nuts_Num()', 'nuts_id_3': 'M_Consumers.add_Nuts_Num()'};{}
GIE_N_23;RAG Storage Pool (Puchkirchen / Haag, Aigelsbrunn, Haidach 5, Nussdorf / Zagling);['GIE_SR_23'];['GIE_N_23'];47.981978;13.312084;AT;None;{'eic_code': '23X----100225-1C', 'elevation_m': 581, 'exact': 1, 'facility_code': '21W000000000079L', 'name_short': 'Haidach', 'nuts_id_1': 'AT3', 'nuts_id_2': 'AT32', 'nuts_id_3': 'AT323'};{'eic_code': 0, 'elevation_m': 0, 'exact': 0, 'facility_code': 0, 'name_short': 0, 'nuts_id_1': 0, 'nuts_id_2': 0, 'nuts_id_3': 0};{'eic_code': 'raw', 'elevation_m': 'Bing API', 'exact': 'raw', 'facility_code': 'raw', 'name_short': 'raw', 'nuts_id_1': 'M_Consumers.add_Nuts_Num()', 'nuts_id_2': 'M_Consumers.add_Nuts_Num()', 'nuts_id_3': 'M_Consumers.add_Nuts_Num()'};{}
GIE_N_24;UGS 7 Fields (Uniper Energy Storage) - AT;['GIE_SR_24'];['GIE_N_24'];47.962006;13.356863;AT;None;{'eic_code': '21X000000001127H', 'elevation_m': 633, 'exact': 1, 'facility_code': '21W000000000057V', 'name_short': '7Fields', 'nuts_id_1': 'AT3', 'nuts_id_2': 'AT32', 'nuts_id_3': 'AT323'};{'eic_code': 0, 'elevation_m': 0, 'exact': 0, 'facility_code': 0, 'name_short': 0, 'nuts_id_1': 0, 'nuts_id_2': 0, 'nuts_id_3': 0};{'eic_code': 'raw', 'elevation_m': 'Bing API', 'exact': 'raw', 'facility_code': 'raw', 'name_short': 'raw', 'nuts_id_1': 'M_Consumers.add_Nuts_Num()', 'nuts_id_2': 'M_Consumers.add_Nuts_Num()', 'nuts_id_3': 'M_Consumers.add_Nuts_Num()'};{}
GIE_N_25;UGS Loenhout;['GIE_SR_25'];['GIE_N_25'];51.386993;4.703353;BE;None;{'eic_code': '21X-BE-A-A0A0A-Y', 'elevation_m': 16, 'exact': 1, 'facility_code': '21Z000000000102A', 'name_short': 'Loenhout', 'nuts_id_1': 'BE2', 'nuts_id_2': 'BE21', 'nuts_id_3': 'BE211'};{'eic_code': 0, 'elevation_m': 0, 'exact': 0, 'facility_code': 0, 'name_short': 0, 'nuts_id_1': 0, 'nuts_id_2': 0, 'nuts_id_3': 0};{'eic_code': 'raw', 'elevation_m': 'Bing API', 'exact': 'raw', 'facility_code': 'raw', 'name_short': 'raw', 'nuts_id_1': 'M_Consumers.add_Nuts_Num()', 'nuts_id_2': 'M_Consumers.add_Nuts_Num()', 'nuts_id_3': 'M_Consumers.add_Nuts_Num()'};{}
GIE_N_26;UGS Chiren;['GIE_SR_26'];['GIE_N_26'];43.349887;23.592123;BG;None;{'eic_code': '21X-BG-A-A0A0A-C', 'elevation_m': 247, 'exact': 1, 'facility_code': '21W000000000031C', 'name_short': 'Chiren', 'nuts_id_1': 'BG3', 'nuts_id_2': 'BG31', 'nuts_id_3': 'BG313'};{'eic_code': 0, 'elevation_m': 0, 'exact': 0, 'facility_code': 0, 'name_short': 0, 'nuts_id_1': 0, 'nuts_id_2': 0, 'nuts_id_3': 0};{'eic_code': 'raw', 'elevation_m': 'Bing API', 'exact': 'raw', 'facility_code': 'raw', 'name_short': 'raw', 'nuts_id_1': 'M_Consumers.add_Nuts_Num()', 'nuts_id_2': 'M_Consumers.add_Nuts_Num()', 'nuts_id_3': 'M_Consumers.add_Nuts_Num()'};{}
GIE_N_27;VGS Innogy Virtual Storage (Haje, Tranovice, Stramberk, Tvrdonice, Dolni Dunajovice, Lobodice);['GIE_SR_27'];['GIE_N_27'];48.872481;16.609626;CZ;None;{'eic_code': '27XG-RWE-GAS-STI', 'elevation_m': 218, 'exact': 1, 'facility_code': '21W000000000076R', 'name_short': 'Lobodice', 'nuts_id_1': 'CZ0', 'nuts_id_2': 'CZ06', 'nuts_id_3': 'CZ064'};{'eic_code': 0, 'elevation_m': 0, 'exact': 0, 'facility_code': 0, 'name_short': 0, 'nuts_id_1': 0, 'nuts_id_2': 0, 'nuts_id_3': 0};{'eic_code': 'raw', 'elevation_m': 'Bing API', 'exact': 'raw', 'facility_code': 'raw', 'name_short': 'raw', 'nuts_id_1': 'M_Consumers.add_Nuts_Num()', 'nuts_id_2': 'M_Consumers.add_Nuts_Num()', 'nuts_id_3': 'M_Consumers.add_Nuts_Num()'};{}
GIE_N_30;UGS Dolni Bojanovice;['GIE_SR_30'];['GIE_N_30'];48.871374;17.028471;CZ;None;{'eic_code': '27X-SPPSTORAGE-R', 'elevation_m': 181, 'exact': 1, 'facility_code': '21W000000000074V', 'name_short': 'DolniBojanovice', 'nuts_id_1': 'CZ0', 'nuts_id_2': 'CZ06', 'nuts_id_3': 'CZ064'};{'eic_code': 0, 'elevation_m': 0, 'exact': 0, 'facility_code': 0, 'name_short': 0, 'nuts_id_1': 0, 'nuts_id_2': 0, 'nuts_id_3': 0};{'eic_code': 'raw', 'elevation_m': 'Bing API', 'exact': 'raw', 'facility_code': 'raw', 'name_short': 'raw', 'nuts_id_1': 'M_Consumers.add_Nuts_Num()', 'nuts_id_2': 'M_Consumers.add_Nuts_Num()', 'nuts_id_3': 'M_Consumers.add_Nuts_Num()'};{}
GIE_N_31;UGS Jemgum H (astora);['GIE_SR_31'];['GIE_N_31'];53.253484;7.388862;DE;None;{'eic_code': '21X000000001160J', 'elevation_m': -2, 'exact': 1, 'facility_code': '21W0000000001148', 'name_short': 'JemgumH', 'nuts_id_1': 'DE9', 'nuts_id_2': 'DE94', 'nuts_id_3': 'DE94C'};{'eic_code': 0, 'elevation_m': 0, 'exact': 0, 'facility_code': 0, 'name_short': 0, 'nuts_id_1': 0, 'nuts_id_2': 0, 'nuts_id_3': 0};{'eic_code': 'raw', 'elevation_m': 'Bing API', 'exact': 'raw', 'facility_code': 'raw', 'name_short': 'raw', 'nuts_id_1': 'M_Consumers.add_Nuts_Num()', 'nuts_id_2': 'M_Consumers.add_Nuts_Num()', 'nuts_id_3': 'M_Consumers.add_Nuts_Num()'};{}
GIE_N_32;UGS Rehden;['GIE_SR_32'];['GIE_N_32'];52.613673;8.493598;DE;None;{'eic_code': '21X000000001160J', 'elevation_m': 35, 'exact': 1, 'facility_code': '21Z000000000271O', 'name_short': 'Rehden', 'nuts_id_1': 'DE9', 'nuts_id_2': 'DE92', 'nuts_id_3': 'DE922'};{'eic_code': 0, 'elevation_m': 0, 'exact': 0, 'facility_code': 0, 'name_short': 0, 'nuts_id_1': 0, 'nuts_id_2': 0, 'nuts_id_3': 0};{'eic_code': 'raw', 'elevation_m': 'Bing API', 'exact': 'raw', 'facility_code': 'raw', 'name_short': 'raw', 'nuts_id_1': 'M_Consumers.add_Nuts_Num()', 'nuts_id_2': 'M_Consumers.add_Nuts_Num()', 'nuts_id_3': 'M_Consumers.add_Nuts_Num()'};{}
GIE_N_34;UGS Wolfersberg;['GIE_SR_34'];['GIE_N_34'];48.042629;11.816447;DE;None;{'eic_code': '37X0000000000151', 'elevation_m': 570, 'exact': 1, 'facility_code': '21W0000000000184', 'name_short': 'Wolfersberg', 'nuts_id_1': 'DE2', 'nuts_id_2': 'DE21', 'nuts_id_3': 'DE218'};{'eic_code': 0, 'elevation_m': 0, 'exact': 0, 'facility_code': 0, 'name_short': 0, 'nuts_id_1': 0, 'nuts_id_2': 0, 'nuts_id_3': 0};{'eic_code': 'raw', 'elevation_m': 'Bing API', 'exact': 'raw', 'facility_code': 'raw', 'name_short': 'raw', 'nuts_id_1': 'M_Consumers.add_Nuts_Num()', 'nuts_id_2': 'M_Consumers.add_Nuts_Num()', 'nuts_id_3': 'M_Consumers.add_Nuts_Num()'};{}
GIE_N_35;UGS Berlin;['GIE_SR_35'];['GIE_N_35'];52.513276;13.224641;DE;None;{'eic_code': '37X0000000000224', 'elevation_m': 41, 'exact': 1, 'facility_code': '21W0000000001083', 'name_short': 'Berlin', 'nuts_id_1': 'DE4', 'nuts_id_2': 'DE40', 'nuts_id_3': 'DE300'};{'eic_code': 0, 'elevation_m': 0, 'exact': 0, 'facility_code': 0, 'name_short': 0, 'nuts_id_1': 0, 'nuts_id_2': 0, 'nuts_id_3': 0};{'eic_code': 'raw', 'elevation_m': 'Bing API', 'exact': 'raw', 'facility_code': 'raw', 'name_short': 'raw', 'nuts_id_1': 'M_Consumers.add_Nuts_Num()', 'nuts_id_2': 'M_Consumers.add_Nuts_Num()', 'nuts_id_3': 'M_Consumers.add_Nuts_Num()'};{}
GIE_N_37;UGS Inzenham-West;['GIE_SR_37'];['GIE_N_37'];47.880871;12.228213;DE;None;{'eic_code': '21X0000000011748', 'elevation_m': 555, 'exact': 3, 'facility_code': '21W0000000000192', 'name_short': 'InzenhamWest', 'nuts_id_1': 'DE2', 'nuts_id_2': 'DE21', 'nuts_id_3': 'DE21K'};{'eic_code': 0, 'elevation_m': 0, 'exact': 0, 'facility_code': 0, 'name_short': 0, 'nuts_id_1': 0, 'nuts_id_2': 0, 'nuts_id_3': 0};{'eic_code': 'raw', 'elevation_m': 'Bing API', 'exact': 'raw', 'facility_code': 'raw', 'name_short': 'raw', 'nuts_id_1': 'M_Consumers.add_Nuts_Num()', 'nuts_id_2': 'M_Consumers.add_Nuts_Num()', 'nuts_id_3': 'M_Consumers.add_Nuts_Num()'};{}
GIE_N_38;UGS Enschede - Epe (Eneco);['GIE_SR_38'];['GIE_N_38'];52.18;7.00616;DE;None;{'eic_code': '21X0000000010849', 'elevation_m': 40, 'exact': 3, 'facility_code': '21W000000000012G', 'name_short': 'Epe', 'nuts_id_1': 'DEA', 'nuts_id_2': 'DEA3', 'nuts_id_3': 'DEA34'};{'eic_code': 0, 'elevation_m': 0, 'exact': 0, 'facility_code': 0, 'name_short': 0, 'nuts_id_1': 0, 'nuts_id_2': 0, 'nuts_id_3': 0};{'eic_code': 'raw', 'elevation_m': 'Bing API', 'exact': 'raw', 'facility_code': 'raw', 'name_short': 'raw', 'nuts_id_1': 'M_Consumers.add_Nuts_Num()', 'nuts_id_2': 'M_Consumers.add_Nuts_Num()', 'nuts_id_3': 'M_Consumers.add_Nuts_Num()'};{}
GIE_N_40;UGS Etzel EGL (Equinor Storage Deutschland);['GIE_SR_40'];['GIE_N_40'];53.461064;7.912085;DE;None;{'eic_code': '21X000000001368W', 'elevation_m': 5, 'exact': 1, 'facility_code': '21W000000000100J', 'name_short': 'Etzel', 'nuts_id_1': 'DE9', 'nuts_id_2': 'DE94', 'nuts_id_3': 'DE94H'};{'eic_code': 0, 'elevation_m': 0, 'exact': 0, 'facility_code': 0, 'name_short': 0, 'nuts_id_1': 0, 'nuts_id_2': 0, 'nuts_id_3': 0};{'eic_code': 'raw', 'elevation_m': 'Bing API', 'exact': 'raw', 'facility_code': 'raw', 'name_short': 'raw', 'nuts_id_1': 'M_Consumers.add_Nuts_Num()', 'nuts_id_2': 'M_Consumers.add_Nuts_Num()', 'nuts_id_3': 'M_Consumers.add_Nuts_Num()'};{}
GIE_N_41;UGS EWE-Zone L;['GIE_SR_41'];['GIE_N_41'];52.17;7.00616;DE;None;{'eic_code': '21X0000000011756', 'elevation_m': 41, 'exact': 3, 'facility_code': '21W0000000001075', 'name_short': 'Nuettermoor', 'nuts_id_1': 'DEA', 'nuts_id_2': 'DEA3', 'nuts_id_3': 'DEA34'};{'eic_code': 0, 'elevation_m': 0, 'exact': 0, 'facility_code': 0, 'name_short': 0, 'nuts_id_1': 0, 'nuts_id_2': 0, 'nuts_id_3': 0};{'eic_code': 'raw', 'elevation_m': 'Bing API', 'exact': 'raw', 'facility_code': 'raw', 'name_short': 'raw', 'nuts_id_1': 'M_Consumers.add_Nuts_Num()', 'nuts_id_2': 'M_Consumers.add_Nuts_Num()', 'nuts_id_3': 'M_Consumers.add_Nuts_Num()'};{}
GIE_N_43;UGS Nuettermoor H aggregated data prior to 7 April 2016;['GIE_SR_43'];['GIE_N_43'];53.259121;7.417349;DE;None;{'eic_code': '21X0000000011756', 'elevation_m': -2, 'exact': 1, 'facility_code': 'PRIOR_EWE_000001', 'name_short': 'Nuettermoor', 'nuts_id_1': 'DE9', 'nuts_id_2': 'DE94', 'nuts_id_3': 'DE94C'};{'eic_code': 0, 'elevation_m': 0, 'exact': 0, 'facility_code': 0, 'name_short': 0, 'nuts_id_1': 0, 'nuts_id_2': 0, 'nuts_id_3': 0};{'eic_code': 'raw', 'elevation_m': 'Bing API', 'exact': 'raw', 'facility_code': 'raw', 'name_short': 'raw', 'nuts_id_1': 'M_Consumers.add_Nuts_Num()', 'nuts_id_2': 'M_Consumers.add_Nuts_Num()', 'nuts_id_3': 'M_Consumers.add_Nuts_Num()'};{}
GIE_N_47;UGS Nuettermoor L GUD;['GIE_SR_47'];['GIE_N_47'];53.25913;7.41736;DE;None;{'eic_code': '21X0000000011756', 'elevation_m': -2, 'exact': 1, 'facility_code': '21W0000000001067', 'name_short': 'NuettermoorL', 'nuts_id_1': 'DE9', 'nuts_id_2': 'DE94', 'nuts_id_3': 'DE94C'};{'eic_code': 0, 'elevation_m': 0, 'exact': 0, 'facility_code': 0, 'name_short': 0, 'nuts_id_1': 0, 'nuts_id_2': 0, 'nuts_id_3': 0};{'eic_code': 'raw', 'elevation_m': 'Bing API', 'exact': 'raw', 'facility_code': 'raw', 'name_short': 'raw', 'nuts_id_1': 'M_Consumers.add_Nuts_Num()', 'nuts_id_2': 'M_Consumers.add_Nuts_Num()', 'nuts_id_3': 'M_Consumers.add_Nuts_Num()'};{}
GIE_N_48;UGS Ruedersdorf H;['GIE_SR_48'];['GIE_N_48'];52.478855;13.780083;DE;None;{'eic_code': '21X0000000011756', 'elevation_m': 49, 'exact': 2, 'facility_code': '21W000000000048W', 'name_short': 'RuedersdorfH', 'nuts_id_1': 'DE4', 'nuts_id_2': 'DE40', 'nuts_id_3': 'DE409'};{'eic_code': 0, 'elevation_m': 0, 'exact': 0, 'facility_code': 0, 'name_short': 0, 'nuts_id_1': 0, 'nuts_id_2': 0, 'nuts_id_3': 0};{'eic_code': 'raw', 'elevation_m': 'Bing API', 'exact': 'raw', 'facility_code': 'raw', 'name_short': 'raw', 'nuts_id_1': 'M_Consumers.add_Nuts_Num()', 'nuts_id_2': 'M_Consumers.add_Nuts_Num()', 'nuts_id_3': 'M_Consumers.add_Nuts_Num()'};{}
GIE_N_52;UGS Kraak;['GIE_SR_52'];['GIE_N_52'];53.422766;11.360765;DE;None;{'eic_code': '21X0000000013805', 'elevation_m': 32, 'exact': 2, 'facility_code': '21W000000000020H', 'name_short': 'Kraak', 'nuts_id_1': 'DE8', 'nuts_id_2': 'DE80', 'nuts_id_3': 'DE80O'};{'eic_code': 0, 'elevation_m': 0, 'exact': 0, 'facility_code': 0, 'name_short': 0, 'nuts_id_1': 0, 'nuts_id_2': 0, 'nuts_id_3': 0};{'eic_code': 'raw', 'elevation_m': 'Bing API', 'exact': 'raw', 'facility_code': 'raw', 'name_short': 'raw', 'nuts_id_1': 'M_Consumers.add_Nuts_Num()', 'nuts_id_2': 'M_Consumers.add_Nuts_Num()', 'nuts_id_3': 'M_Consumers.add_Nuts_Num()'};{}
GIE_N_53;UGS Epe IGSNWE H Gas (historical data prior to 1 April 2017);['GIE_SR_53'];['GIE_N_53'];52.175948;7.0;DE;None;{'eic_code': '21X000000001262B', 'elevation_m': 40, 'exact': 3, 'facility_code': '21W0000000000524', 'name_short': 'Epe', 'nuts_id_1': 'DEA', 'nuts_id_2': 'DEA3', 'nuts_id_3': 'DEA34'};{'eic_code': 0, 'elevation_m': 0, 'exact': 0, 'facility_code': 0, 'name_short': 0, 'nuts_id_1': 0, 'nuts_id_2': 0, 'nuts_id_3': 0};{'eic_code': 'raw', 'elevation_m': 'Bing API', 'exact': 'raw', 'facility_code': 'raw', 'name_short': 'raw', 'nuts_id_1': 'M_Consumers.add_Nuts_Num()', 'nuts_id_2': 'M_Consumers.add_Nuts_Num()', 'nuts_id_3': 'M_Consumers.add_Nuts_Num()'};{}
GIE_N_54;UGS Epe IGSNWE L Gas;['GIE_SR_54'];['GIE_N_54'];52.176;7.05;DE;None;{'eic_code': '21X000000001262B', 'elevation_m': 43, 'exact': 3, 'facility_code': '21W0000000000532', 'name_short': 'Epe', 'nuts_id_1': 'DEA', 'nuts_id_2': 'DEA3', 'nuts_id_3': 'DEA34'};{'eic_code': 0, 'elevation_m': 0, 'exact': 0, 'facility_code': 0, 'name_short': 0, 'nuts_id_1': 0, 'nuts_id_2': 0, 'nuts_id_3': 0};{'eic_code': 'raw', 'elevation_m': 'Bing API', 'exact': 'raw', 'facility_code': 'raw', 'name_short': 'raw', 'nuts_id_1': 'M_Consumers.add_Nuts_Num()', 'nuts_id_2': 'M_Consumers.add_Nuts_Num()', 'nuts_id_3': 'M_Consumers.add_Nuts_Num()'};{}
GIE_N_57;UGS Stassfurt;['GIE_SR_57'];['GIE_N_57'];51.891723;11.555702;DE;None;{'eic_code': '21X000000001262B', 'elevation_m': 93, 'exact': 1, 'facility_code': '21W0000000000265', 'name_short': 'Stassfurt', 'nuts_id_1': 'DEE', 'nuts_id_2': 'DEE0', 'nuts_id_3': 'DEE0C'};{'eic_code': 0, 'elevation_m': 0, 'exact': 0, 'facility_code': 0, 'name_short': 0, 'nuts_id_1': 0, 'nuts_id_2': 0, 'nuts_id_3': 0};{'eic_code': 'raw', 'elevation_m': 'Bing API', 'exact': 'raw', 'facility_code': 'raw', 'name_short': 'raw', 'nuts_id_1': 'M_Consumers.add_Nuts_Num()', 'nuts_id_2': 'M_Consumers.add_Nuts_Num()', 'nuts_id_3': 'M_Consumers.add_Nuts_Num()'};{}
GIE_N_58;UGS Xanten (historical data prior to 1 April 2017);['GIE_SR_58'];['GIE_N_58'];51.663755;6.426365;DE;None;{'eic_code': '21X000000001262B', 'elevation_m': 22, 'exact': 1, 'facility_code': '21W0000000000516', 'name_short': 'Xanten', 'nuts_id_1': 'DEA', 'nuts_id_2': 'DEA1', 'nuts_id_3': 'DEA1F'};{'eic_code': 0, 'elevation_m': 0, 'exact': 0, 'facility_code': 0, 'name_short': 0, 'nuts_id_1': 0, 'nuts_id_2': 0, 'nuts_id_3': 0};{'eic_code': 'raw', 'elevation_m': 'Bing API', 'exact': 'raw', 'facility_code': 'raw', 'name_short': 'raw', 'nuts_id_1': 'M_Consumers.add_Nuts_Num()', 'nuts_id_2': 'M_Consumers.add_Nuts_Num()', 'nuts_id_3': 'M_Consumers.add_Nuts_Num()'};{}
GIE_N_59;VGS innEXpool;['GIE_SR_59'];['GIE_N_59'];53.845027;7.344795;DE;None;{'eic_code': '21X000000001262B', 'elevation_m': 0, 'exact': 3, 'facility_code': '21W000000000121B', 'name_short': 'Epe', 'nuts_id_1': 'DE9', 'nuts_id_2': 'DE94', 'nuts_id_3': 'DE94H'};{'eic_code': 0, 'elevation_m': 0, 'exact': 0, 'facility_code': 0, 'name_short': 0, 'nuts_id_1': 0, 'nuts_id_2': 0, 'nuts_id_3': 0};{'eic_code': 'raw', 'elevation_m': 'Bing API', 'exact': 'raw', 'facility_code': 'raw', 'name_short': 'raw', 'nuts_id_1': 'M_Consumers.add_Nuts_Num()', 'nuts_id_2': 'M_Consumers.add_Nuts_Num()', 'nuts_id_3': 'M_Consumers.add_Nuts_Num()'};{}
GIE_N_60;UGS Epe (KGE);['GIE_SR_60'];['GIE_N_60'];52.176;7.1;DE;None;{'eic_code': '21X000000001140P', 'elevation_m': 46, 'exact': 3, 'facility_code': '21W000000000097J', 'name_short': 'Epe', 'nuts_id_1': 'DEA', 'nuts_id_2': 'DEA3', 'nuts_id_3': 'DEA34'};{'eic_code': 0, 'elevation_m': 0, 'exact': 0, 'facility_code': 0, 'name_short': 0, 'nuts_id_1': 0, 'nuts_id_2': 0, 'nuts_id_3': 0};{'eic_code': 'raw', 'elevation_m': 'Bing API', 'exact': 'raw', 'facility_code': 'raw', 'name_short': 'raw', 'nuts_id_1': 'M_Consumers.add_Nuts_Num()', 'nuts_id_2': 'M_Consumers.add_Nuts_Num()', 'nuts_id_3': 'M_Consumers.add_Nuts_Num()'};{}
GIE_N_61;UGS Haehnlein (historical data prior to 01/04/2016);['GIE_SR_61'];['GIE_N_61'];49.7458;8.554382;DE;None;{'eic_code': '37X000000000042Z', 'elevation_m': 102, 'exact': 1, 'facility_code': '21W000000000064Y', 'name_short': 'Haehnlein', 'nuts_id_1': 'DE7', 'nuts_id_2': 'DE71', 'nuts_id_3': 'DE717'};{'eic_code': 0, 'elevation_m': 0, 'exact': 0, 'facility_code': 0, 'name_short': 0, 'nuts_id_1': 0, 'nuts_id_2': 0, 'nuts_id_3': 0};{'eic_code': 'raw', 'elevation_m': 'Bing API', 'exact': 'raw', 'facility_code': 'raw', 'name_short': 'raw', 'nuts_id_1': 'M_Consumers.add_Nuts_Num()', 'nuts_id_2': 'M_Consumers.add_Nuts_Num()', 'nuts_id_3': 'M_Consumers.add_Nuts_Num()'};{}
GIE_N_62;UGS Stockstadt (historical data prior to 01/04/2016);['GIE_SR_62'];['GIE_N_62'];49.822999;8.484942;DE;None;{'eic_code': '37X000000000042Z', 'elevation_m': 95, 'exact': 1, 'facility_code': '21W0000000000621', 'name_short': 'Stockstadt', 'nuts_id_1': 'DE7', 'nuts_id_2': 'DE71', 'nuts_id_3': 'DE717'};{'eic_code': 0, 'elevation_m': 0, 'exact': 0, 'facility_code': 0, 'name_short': 0, 'nuts_id_1': 0, 'nuts_id_2': 0, 'nuts_id_3': 0};{'eic_code': 'raw', 'elevation_m': 'Bing API', 'exact': 'raw', 'facility_code': 'raw', 'name_short': 'raw', 'nuts_id_1': 'M_Consumers.add_Nuts_Num()', 'nuts_id_2': 'M_Consumers.add_Nuts_Num()', 'nuts_id_3': 'M_Consumers.add_Nuts_Num()'};{}
GIE_N_68;UGS Kiel-Roenne (Stadtwerke Kiel);['GIE_SR_68'];['GIE_N_68'];54.3275;10.1267;DE;None;{'eic_code': '37X000000000051Y', 'elevation_m': 21, 'exact': 1, 'facility_code': '21W0000000001164', 'name_short': 'KielRoenne', 'nuts_id_1': 'DEF', 'nuts_id_2': 'DEF0', 'nuts_id_3': 'DEF02'};{'eic_code': 0, 'elevation_m': 0, 'exact': 0, 'facility_code': 0, 'name_short': 0, 'nuts_id_1': 0, 'nuts_id_2': 0, 'nuts_id_3': 0};{'eic_code': 'raw', 'elevation_m': 'Bing API', 'exact': 'raw', 'facility_code': 'raw', 'name_short': 'raw', 'nuts_id_1': 'M_Consumers.add_Nuts_Num()', 'nuts_id_2': 'M_Consumers.add_Nuts_Num()', 'nuts_id_3': 'M_Consumers.add_Nuts_Num()'};{}
GIE_N_69;UGS Bremen-Lesum (Storengy Deutschland);['GIE_SR_69'];['GIE_N_69'];53.160905;8.718167;DE;None;{'eic_code': '21X000000001072G', 'elevation_m': 7, 'exact': 1, 'facility_code': '21W000000000090X', 'name_short': 'BremenLesum', 'nuts_id_1': 'DE5', 'nuts_id_2': 'DE50', 'nuts_id_3': 'DE501'};{'eic_code': 0, 'elevation_m': 0, 'exact': 0, 'facility_code': 0, 'name_short': 0, 'nuts_id_1': 0, 'nuts_id_2': 0, 'nuts_id_3': 0};{'eic_code': 'raw', 'elevation_m': 'Bing API', 'exact': 'raw', 'facility_code': 'raw', 'name_short': 'raw', 'nuts_id_1': 'M_Consumers.add_Nuts_Num()', 'nuts_id_2': 'M_Consumers.add_Nuts_Num()', 'nuts_id_3': 'M_Consumers.add_Nuts_Num()'};{}
GIE_N_70;UGS Fronhofen-Trigonodus;['GIE_SR_70'];['GIE_N_70'];47.851208;9.414961;DE;None;{'eic_code': '21X000000001072G', 'elevation_m': 643, 'exact': 1, 'facility_code': '21W000000000091V', 'name_short': 'FronhofenTrigonodus', 'nuts_id_1': 'DE1', 'nuts_id_2': 'DE14', 'nuts_id_3': 'DE148'};{'eic_code': 0, 'elevation_m': 0, 'exact': 0, 'facility_code': 0, 'name_short': 0, 'nuts_id_1': 0, 'nuts_id_2': 0, 'nuts_id_3': 0};{'eic_code': 'raw', 'elevation_m': 'Bing API', 'exact': 'raw', 'facility_code': 'raw', 'name_short': 'raw', 'nuts_id_1': 'M_Consumers.add_Nuts_Num()', 'nuts_id_2': 'M_Consumers.add_Nuts_Num()', 'nuts_id_3': 'M_Consumers.add_Nuts_Num()'};{}
GIE_N_71;UGS Harsefeld;['GIE_SR_71'];['GIE_N_71'];53.435469;9.482867;DE;None;{'eic_code': '21X000000001072G', 'elevation_m': 40, 'exact': 1, 'facility_code': '21W000000000092T', 'name_short': 'Harsefeld', 'nuts_id_1': 'DE9', 'nuts_id_2': 'DE93', 'nuts_id_3': 'DE939'};{'eic_code': 0, 'elevation_m': 0, 'exact': 0, 'facility_code': 0, 'name_short': 0, 'nuts_id_1': 0, 'nuts_id_2': 0, 'nuts_id_3': 0};{'eic_code': 'raw', 'elevation_m': 'Bing API', 'exact': 'raw', 'facility_code': 'raw', 'name_short': 'raw', 'nuts_id_1': 'M_Consumers.add_Nuts_Num()', 'nuts_id_2': 'M_Consumers.add_Nuts_Num()', 'nuts_id_3': 'M_Consumers.add_Nuts_Num()'};{}
GIE_N_72;UGS Peckensen;['GIE_SR_72'];['GIE_N_72'];52.801137;10.942675;DE;None;{'eic_code': '21X000000001072G', 'elevation_m': 47, 'exact': 1, 'facility_code': '21W0000000000273', 'name_short': 'Peckensen', 'nuts_id_1': 'DEE', 'nuts_id_2': 'DEE0', 'nuts_id_3': 'DEE04'};{'eic_code': 0, 'elevation_m': 0, 'exact': 0, 'facility_code': 0, 'name_short': 0, 'nuts_id_1': 0, 'nuts_id_2': 0, 'nuts_id_3': 0};{'eic_code': 'raw', 'elevation_m': 'Bing API', 'exact': 'raw', 'facility_code': 'raw', 'name_short': 'raw', 'nuts_id_1': 'M_Consumers.add_Nuts_Num()', 'nuts_id_2': 'M_Consumers.add_Nuts_Num()', 'nuts_id_3': 'M_Consumers.add_Nuts_Num()'};{}
GIE_N_73;UGS Schmidthausen;['GIE_SR_73'];['GIE_N_73'];47.915177;12.039466;DE;None;{'eic_code': '21X000000001072G', 'elevation_m': 486, 'exact': 1, 'facility_code': '21W000000000089I', 'name_short': 'Schmidthausen', 'nuts_id_1': 'DE2', 'nuts_id_2': 'DE21', 'nuts_id_3': 'DE21K'};{'eic_code': 0, 'elevation_m': 0, 'exact': 0, 'facility_code': 0, 'name_short': 0, 'nuts_id_1': 0, 'nuts_id_2': 0, 'nuts_id_3': 0};{'eic_code': 'raw', 'elevation_m': 'Bing API', 'exact': 'raw', 'facility_code': 'raw', 'name_short': 'raw', 'nuts_id_1': 'M_Consumers.add_Nuts_Num()', 'nuts_id_2': 'M_Consumers.add_Nuts_Num()', 'nuts_id_3': 'M_Consumers.add_Nuts_Num()'};{}
GIE_N_74;UGS Uelsen;['GIE_SR_74'];['GIE_N_74'];52.504885;6.829442;DE;None;{'eic_code': '21X000000001072G', 'elevation_m': 41, 'exact': 1, 'facility_code': '21W000000000093R', 'name_short': 'Uelsen', 'nuts_id_1': 'DE9', 'nuts_id_2': 'DE94', 'nuts_id_3': 'DE94B'};{'eic_code': 0, 'elevation_m': 0, 'exact': 0, 'facility_code': 0, 'name_short': 0, 'nuts_id_1': 0, 'nuts_id_2': 0, 'nuts_id_3': 0};{'eic_code': 'raw', 'elevation_m': 'Bing API', 'exact': 'raw', 'facility_code': 'raw', 'name_short': 'raw', 'nuts_id_1': 'M_Consumers.add_Nuts_Num()', 'nuts_id_2': 'M_Consumers.add_Nuts_Num()', 'nuts_id_3': 'M_Consumers.add_Nuts_Num()'};{}
GIE_N_76;UGS Allmenhausen;['GIE_SR_76'];['GIE_N_76'];51.219587;10.702464;DE;None;{'eic_code': '21X000000001307F', 'elevation_m': 254, 'exact': 1, 'facility_code': '21W000000000030E', 'name_short': 'Allmenhausen', 'nuts_id_1': 'DEG', 'nuts_id_2': 'DEG0', 'nuts_id_3': 'DEG09'};{'eic_code': 0, 'elevation_m': 0, 'exact': 0, 'facility_code': 0, 'name_short': 0, 'nuts_id_1': 0, 'nuts_id_2': 0, 'nuts_id_3': 0};{'eic_code': 'raw', 'elevation_m': 'Bing API', 'exact': 'raw', 'facility_code': 'raw', 'name_short': 'raw', 'nuts_id_1': 'M_Consumers.add_Nuts_Num()', 'nuts_id_2': 'M_Consumers.add_Nuts_Num()', 'nuts_id_3': 'M_Consumers.add_Nuts_Num()'};{}
GIE_N_77;UGS Epe Trianel;['GIE_SR_77'];['GIE_N_77'];52.176;7.00616;DE;None;{'eic_code': '21X000000001310Q', 'elevation_m': 41, 'exact': 2, 'facility_code': '21W000000000085Q', 'name_short': 'Epe', 'nuts_id_1': 'DEA', 'nuts_id_2': 'DEA3', 'nuts_id_3': 'DEA34'};{'eic_code': 0, 'elevation_m': 0, 'exact': 0, 'facility_code': 0, 'name_short': 0, 'nuts_id_1': 0, 'nuts_id_2': 0, 'nuts_id_3': 0};{'eic_code': 'raw', 'elevation_m': 'Bing API', 'exact': 'raw', 'facility_code': 'raw', 'name_short': 'raw', 'nuts_id_1': 'M_Consumers.add_Nuts_Num()', 'nuts_id_2': 'M_Consumers.add_Nuts_Num()', 'nuts_id_3': 'M_Consumers.add_Nuts_Num()'};{}
GIE_N_78;UGS Bierwang;['GIE_SR_78'];['GIE_N_78'];48.127548;12.402956;DE;None;{'eic_code': '21X000000001127H', 'elevation_m': 507, 'exact': 1, 'facility_code': '21W0000000000613', 'name_short': 'Bierwang', 'nuts_id_1': 'DE2', 'nuts_id_2': 'DE21', 'nuts_id_3': 'DE21G'};{'eic_code': 0, 'elevation_m': 0, 'exact': 0, 'facility_code': 0, 'name_short': 0, 'nuts_id_1': 0, 'nuts_id_2': 0, 'nuts_id_3': 0};{'eic_code': 'raw', 'elevation_m': 'Bing API', 'exact': 'raw', 'facility_code': 'raw', 'name_short': 'raw', 'nuts_id_1': 'M_Consumers.add_Nuts_Num()', 'nuts_id_2': 'M_Consumers.add_Nuts_Num()', 'nuts_id_3': 'M_Consumers.add_Nuts_Num()'};{}
GIE_N_79;UGS Breitbrunn;['GIE_SR_79'];['GIE_N_79'];47.922265;12.433821;DE;None;{'eic_code': '21X000000001127H', 'elevation_m': 550, 'exact': 1, 'facility_code': '21W0000000000605', 'name_short': 'Breitbrunn', 'nuts_id_1': 'DE2', 'nuts_id_2': 'DE21', 'nuts_id_3': 'DE21K'};{'eic_code': 0, 'elevation_m': 0, 'exact': 0, 'facility_code': 0, 'name_short': 0, 'nuts_id_1': 0, 'nuts_id_2': 0, 'nuts_id_3': 0};{'eic_code': 'raw', 'elevation_m': 'Bing API', 'exact': 'raw', 'facility_code': 'raw', 'name_short': 'raw', 'nuts_id_1': 'M_Consumers.add_Nuts_Num()', 'nuts_id_2': 'M_Consumers.add_Nuts_Num()', 'nuts_id_3': 'M_Consumers.add_Nuts_Num()'};{}
GIE_N_80;UGS Epe Uniper H-Gas;['GIE_SR_80'];['GIE_N_80'];52.177;7.05;DE;None;{'eic_code': '21X000000001127H', 'elevation_m': 43, 'exact': 3, 'facility_code': '21W000000000066U', 'name_short': 'EpeH', 'nuts_id_1': 'DEA', 'nuts_id_2': 'DEA3', 'nuts_id_3': 'DEA34'};{'eic_code': 0, 'elevation_m': 0, 'exact': 0, 'facility_code': 0, 'name_short': 0, 'nuts_id_1': 0, 'nuts_id_2': 0, 'nuts_id_3': 0};{'eic_code': 'raw', 'elevation_m': 'Bing API', 'exact': 'raw', 'facility_code': 'raw', 'name_short': 'raw', 'nuts_id_1': 'M_Consumers.add_Nuts_Num()', 'nuts_id_2': 'M_Consumers.add_Nuts_Num()', 'nuts_id_3': 'M_Consumers.add_Nuts_Num()'};{}
GIE_N_81;UGS Epe Uniper L-Gas;['GIE_SR_81'];['GIE_N_81'];52.178;7.05;DE;None;{'eic_code': '21X000000001127H', 'elevation_m': 43, 'exact': 3, 'facility_code': '21W000000000065W', 'name_short': 'EpeL', 'nuts_id_1': 'DEA', 'nuts_id_2': 'DEA3', 'nuts_id_3': 'DEA34'};{'eic_code': 0, 'elevation_m': 0, 'exact': 0, 'facility_code': 0, 'name_short': 0, 'nuts_id_1': 0, 'nuts_id_2': 0, 'nuts_id_3': 0};{'eic_code': 'raw', 'elevation_m': 'Bing API', 'exact': 'raw', 'facility_code': 'raw', 'name_short': 'raw', 'nuts_id_1': 'M_Consumers.add_Nuts_Num()', 'nuts_id_2': 'M_Consumers.add_Nuts_Num()', 'nuts_id_3': 'M_Consumers.add_Nuts_Num()'};{}
GIE_N_82;UGS Eschenfelden;['GIE_SR_82'];['GIE_N_82'];49.5845;11.6307;DE;None;{'eic_code': '21X000000001127H', 'elevation_m': 513, 'exact': 1, 'facility_code': '21W000000000083U', 'name_short': 'Eschenfelden', 'nuts_id_1': 'DE2', 'nuts_id_2': 'DE23', 'nuts_id_3': 'DE234'};{'eic_code': 0, 'elevation_m': 0, 'exact': 0, 'facility_code': 0, 'name_short': 0, 'nuts_id_1': 0, 'nuts_id_2': 0, 'nuts_id_3': 0};{'eic_code': 'raw', 'elevation_m': 'Bing API', 'exact': 'raw', 'facility_code': 'raw', 'name_short': 'raw', 'nuts_id_1': 'M_Consumers.add_Nuts_Num()', 'nuts_id_2': 'M_Consumers.add_Nuts_Num()', 'nuts_id_3': 'M_Consumers.add_Nuts_Num()'};{}
GIE_N_85;UGS Krummhorn;['GIE_SR_85'];['GIE_N_85'];53.36059;7.065929;DE;None;{'eic_code': '21X000000001127H', 'elevation_m': 0, 'exact': 1, 'facility_code': '21W000000000067S', 'name_short': 'Krummhorn', 'nuts_id_1': 'DE9', 'nuts_id_2': 'DE94', 'nuts_id_3': 'DE947'};{'eic_code': 0, 'elevation_m': 0, 'exact': 0, 'facility_code': 0, 'name_short': 0, 'nuts_id_1': 0, 'nuts_id_2': 0, 'nuts_id_3': 0};{'eic_code': 'raw', 'elevation_m': 'Bing API', 'exact': 'raw', 'facility_code': 'raw', 'name_short': 'raw', 'nuts_id_1': 'M_Consumers.add_Nuts_Num()', 'nuts_id_2': 'M_Consumers.add_Nuts_Num()', 'nuts_id_3': 'M_Consumers.add_Nuts_Num()'};{}
GIE_N_87;UGS Kirchheiligen;['GIE_SR_87'];['GIE_N_87'];51.219587;10.75;DE;None;{'eic_code': '21X000000001138C', 'elevation_m': 248, 'exact': 2, 'facility_code': '21W000000000023B', 'name_short': 'Kirchheiligen', 'nuts_id_1': 'DEG', 'nuts_id_2': 'DEG0', 'nuts_id_3': 'DEG09'};{'eic_code': 0, 'elevation_m': 0, 'exact': 0, 'facility_code': 0, 'name_short': 0, 'nuts_id_1': 0, 'nuts_id_2': 0, 'nuts_id_3': 0};{'eic_code': 'raw', 'elevation_m': 'Bing API', 'exact': 'raw', 'facility_code': 'raw', 'name_short': 'raw', 'nuts_id_1': 'M_Consumers.add_Nuts_Num()', 'nuts_id_2': 'M_Consumers.add_Nuts_Num()', 'nuts_id_3': 'M_Consumers.add_Nuts_Num()'};{}
GIE_N_88;VGS Storage Hub (Bernburg, Bad Lauchstaedt);['GIE_SR_88'];['GIE_N_88'];51.430367;11.833526;DE;None;{'eic_code': '21X000000001138C', 'elevation_m': 131, 'exact': 1, 'facility_code': '21W0000000000427', 'name_short': 'Bernburg', 'nuts_id_1': 'DEE', 'nuts_id_2': 'DEE0', 'nuts_id_3': 'DEE0B'};{'eic_code': 0, 'elevation_m': 0, 'exact': 0, 'facility_code': 0, 'name_short': 0, 'nuts_id_1': 0, 'nuts_id_2': 0, 'nuts_id_3': 0};{'eic_code': 'raw', 'elevation_m': 'Bing API', 'exact': 'raw', 'facility_code': 'raw', 'name_short': 'raw', 'nuts_id_1': 'M_Consumers.add_Nuts_Num()', 'nuts_id_2': 'M_Consumers.add_Nuts_Num()', 'nuts_id_3': 'M_Consumers.add_Nuts_Num()'};{}
GIE_N_89;VGS GSD Gas Storage (Lille Torup, Stenlille);['GIE_SR_89'];['GIE_N_89'];56.640401;9.41462;DK;None;{'eic_code': '21X000000001104T', 'elevation_m': 23, 'exact': 1, 'facility_code': '45W000000000112V', 'name_short': 'LilleTorup', 'nuts_id_1': 'DK0', 'nuts_id_2': 'DK04', 'nuts_id_3': 'DK041'};{'eic_code': 0, 'elevation_m': 0, 'exact': 0, 'facility_code': 0, 'name_short': 0, 'nuts_id_1': 0, 'nuts_id_2': 0, 'nuts_id_3': 0};{'eic_code': 'raw', 'elevation_m': 'Bing API', 'exact': 'raw', 'facility_code': 'raw', 'name_short': 'raw', 'nuts_id_1': 'M_Consumers.add_Nuts_Num()', 'nuts_id_2': 'M_Consumers.add_Nuts_Num()', 'nuts_id_3': 'M_Consumers.add_Nuts_Num()'};{}
GIE_N_90;VGS Enagas Basic Underground Storage (Serrablo, Yela, Gaviota, Marismas);['GIE_SR_90'];['GIE_N_90'];37.067092;-6.366233;ES;None;{'eic_code': '21X0000000013368', 'elevation_m': 6, 'exact': 2, 'facility_code': '21W000000000032A', 'name_short': 'Marismas', 'nuts_id_1': 'ES6', 'nuts_id_2': 'ES61', 'nuts_id_3': 'ES618'};{'eic_code': 0, 'elevation_m': 0, 'exact': 0, 'facility_code': 0, 'name_short': 0, 'nuts_id_1': 0, 'nuts_id_2': 0, 'nuts_id_3': 0};{'eic_code': 'raw', 'elevation_m': 'Bing API', 'exact': 'raw', 'facility_code': 'raw', 'name_short': 'raw', 'nuts_id_1': 'M_Consumers.add_Nuts_Num()', 'nuts_id_2': 'M_Consumers.add_Nuts_Num()', 'nuts_id_3': 'M_Consumers.add_Nuts_Num()'};{}
GIE_N_91;VGS SALINE (Tersanne, Etrez, Manosque);['GIE_SR_91'];['GIE_N_91'];43.868812;5.756336;FR;None;{'eic_code': '21X000000001083B', 'elevation_m': 424, 'exact': 1, 'facility_code': '21W000000000084S', 'name_short': 'Etrez', 'nuts_id_1': 'FRL', 'nuts_id_2': 'FRL0', 'nuts_id_3': 'FRL01'};{'eic_code': 0, 'elevation_m': 0, 'exact': 0, 'facility_code': 0, 'name_short': 0, 'nuts_id_1': 0, 'nuts_id_2': 0, 'nuts_id_3': 0};{'eic_code': 'raw', 'elevation_m': 'Bing API', 'exact': 'raw', 'facility_code': 'raw', 'name_short': 'raw', 'nuts_id_1': 'M_Consumers.add_Nuts_Num()', 'nuts_id_2': 'M_Consumers.add_Nuts_Num()', 'nuts_id_3': 'M_Consumers.add_Nuts_Num()'};{}
GIE_N_92;VGS SEDIANE (Saint-Illiers, Beynes Superieur, Beynes Profond);['GIE_SR_92'];['GIE_N_92'];48.844032;1.873865;FR;None;{'eic_code': '21X000000001083B', 'elevation_m': 154, 'exact': 1, 'facility_code': '21W0000000000710', 'name_short': 'BeynesProfond', 'nuts_id_1': 'FR1', 'nuts_id_2': 'FR10', 'nuts_id_3': 'FR103'};{'eic_code': 0, 'elevation_m': 0, 'exact': 0, 'facility_code': 0, 'name_short': 0, 'nuts_id_1': 0, 'nuts_id_2': 0, 'nuts_id_3': 0};{'eic_code': 'raw', 'elevation_m': 'Bing API', 'exact': 'raw', 'facility_code': 'raw', 'name_short': 'raw', 'nuts_id_1': 'M_Consumers.add_Nuts_Num()', 'nuts_id_2': 'M_Consumers.add_Nuts_Num()', 'nuts_id_3': 'M_Consumers.add_Nuts_Num()'};{}
GIE_N_93;VGS SEDIANE B (Gournay-sur-Aronde);['GIE_SR_93'];['GIE_N_93'];49.526019;2.699989;FR;None;{'eic_code': '21X000000001083B', 'elevation_m': 92, 'exact': 1, 'facility_code': '21W0000000000702', 'name_short': 'GournaySurAronde', 'nuts_id_1': 'FRE', 'nuts_id_2': 'FRE2', 'nuts_id_3': 'FRE22'};{'eic_code': 0, 'elevation_m': 0, 'exact': 0, 'facility_code': 0, 'name_short': 0, 'nuts_id_1': 0, 'nuts_id_2': 0, 'nuts_id_3': 0};{'eic_code': 'raw', 'elevation_m': 'Bing API', 'exact': 'raw', 'facility_code': 'raw', 'name_short': 'raw', 'nuts_id_1': 'M_Consumers.add_Nuts_Num()', 'nuts_id_2': 'M_Consumers.add_Nuts_Num()', 'nuts_id_3': 'M_Consumers.add_Nuts_Num()'};{}
GIE_N_94;VGS SEDIANE LITTORAL (Chemery, Cere-la-Ronde, Soings-en-Sologne);['GIE_SR_94'];['GIE_N_94'];47.387853;1.486212;FR;None;{'eic_code': '21X000000001083B', 'elevation_m': 109, 'exact': 1, 'facility_code': '21W000000000072Z', 'name_short': 'Chemery', 'nuts_id_1': 'FRB', 'nuts_id_2': 'FRB0', 'nuts_id_3': 'FRB05'};{'eic_code': 0, 'elevation_m': 0, 'exact': 0, 'facility_code': 0, 'name_short': 0, 'nuts_id_1': 0, 'nuts_id_2': 0, 'nuts_id_3': 0};{'eic_code': 'raw', 'elevation_m': 'Bing API', 'exact': 'raw', 'facility_code': 'raw', 'name_short': 'raw', 'nuts_id_1': 'M_Consumers.add_Nuts_Num()', 'nuts_id_2': 'M_Consumers.add_Nuts_Num()', 'nuts_id_3': 'M_Consumers.add_Nuts_Num()'};{}
GIE_N_95;VGS SERENE NORD (Trois Fontaines lÂ’Abbaye, Cerville, Germiny-sous-Coulombs, Saint-Clair-sur-Epte);['GIE_SR_95'];['GIE_N_95'];48.707076;6.298375;FR;None;{'eic_code': '21X000000001083B', 'elevation_m': 235, 'exact': 1, 'facility_code': '21W000000000073X', 'name_short': 'Cerville', 'nuts_id_1': 'FRF', 'nuts_id_2': 'FRF3', 'nuts_id_3': 'FRF31'};{'eic_code': 0, 'elevation_m': 0, 'exact': 0, 'facility_code': 0, 'name_short': 0, 'nuts_id_1': 0, 'nuts_id_2': 0, 'nuts_id_3': 0};{'eic_code': 'raw', 'elevation_m': 'Bing API', 'exact': 'raw', 'facility_code': 'raw', 'name_short': 'raw', 'nuts_id_1': 'M_Consumers.add_Nuts_Num()', 'nuts_id_2': 'M_Consumers.add_Nuts_Num()', 'nuts_id_3': 'M_Consumers.add_Nuts_Num()'};{}
GIE_N_97;VGS Lussagnet (TEREGA);['GIE_SR_97'];['GIE_N_97'];43.780448;-0.220066;FR;None;{'eic_code': '21X-FR-B-A0A0A-J', 'elevation_m': 122, 'exact': 1, 'facility_code': '21W000000000068Q', 'name_short': 'Lussagnet', 'nuts_id_1': 'FRI', 'nuts_id_2': 'FRI1', 'nuts_id_3': 'FRI13'};{'eic_code': 0, 'elevation_m': 0, 'exact': 0, 'facility_code': 0, 'name_short': 0, 'nuts_id_1': 0, 'nuts_id_2': 0, 'nuts_id_3': 0};{'eic_code': 'raw', 'elevation_m': 'Bing API', 'exact': 'raw', 'facility_code': 'raw', 'name_short': 'raw', 'nuts_id_1': 'M_Consumers.add_Nuts_Num()', 'nuts_id_2': 'M_Consumers.add_Nuts_Num()', 'nuts_id_3': 'M_Consumers.add_Nuts_Num()'};{}
GIE_N_99;UGS Humbly Grove;['GIE_SR_99'];['GIE_N_99'];51.194305;-1.010382;GB;None;{'eic_code': '55XHUMBLYGROVE1H', 'elevation_m': 130, 'exact': 1, 'facility_code': '55WHUMBLY1GROVER', 'name_short': 'HumblyGrove', 'nuts_id_1': 'UKJ', 'nuts_id_2': 'UKJ3', 'nuts_id_3': 'UKJ37'};{'eic_code': 0, 'elevation_m': 0, 'exact': 0, 'facility_code': 0, 'name_short': 0, 'nuts_id_1': 0, 'nuts_id_2': 0, 'nuts_id_3': 0};{'eic_code': 'raw', 'elevation_m': 'Bing API', 'exact': 'raw', 'facility_code': 'raw', 'name_short': 'raw', 'nuts_id_1': 'M_Consumers.add_Nuts_Num()', 'nuts_id_2': 'M_Consumers.add_Nuts_Num()', 'nuts_id_3': 'M_Consumers.add_Nuts_Num()'};{}
GIE_N_101;UGS Aldbrough I;['GIE_SR_101'];['GIE_N_101'];53.813895;-0.087273;GB;None;{'eic_code': '23X--140207-SSE9', 'elevation_m': 6, 'exact': 1, 'facility_code': '55WALDBOROUGH00H', 'name_short': 'AldbroughI', 'nuts_id_1': 'UKE', 'nuts_id_2': 'UKE1', 'nuts_id_3': 'UKE12'};{'eic_code': 0, 'elevation_m': 0, 'exact': 0, 'facility_code': 0, 'name_short': 0, 'nuts_id_1': 0, 'nuts_id_2': 0, 'nuts_id_3': 0};{'eic_code': 'raw', 'elevation_m': 'Bing API', 'exact': 'raw', 'facility_code': 'raw', 'name_short': 'raw', 'nuts_id_1': 'M_Consumers.add_Nuts_Num()', 'nuts_id_2': 'M_Consumers.add_Nuts_Num()', 'nuts_id_3': 'M_Consumers.add_Nuts_Num()'};{}
GIE_N_102;UGS Atwick;['GIE_SR_102'];['GIE_N_102'];53.946533;-0.207479;GB;None;{'eic_code': '23X--140207-SSE9', 'elevation_m': 1, 'exact': 1, 'facility_code': '55WATWICK-SSE00J', 'name_short': 'Atwick', 'nuts_id_1': 'UKE', 'nuts_id_2': 'UKE1', 'nuts_id_3': 'UKE12'};{'eic_code': 0, 'elevation_m': 0, 'exact': 0, 'facility_code': 0, 'name_short': 0, 'nuts_id_1': 0, 'nuts_id_2': 0, 'nuts_id_3': 0};{'eic_code': 'raw', 'elevation_m': 'Bing API', 'exact': 'raw', 'facility_code': 'raw', 'name_short': 'raw', 'nuts_id_1': 'M_Consumers.add_Nuts_Num()', 'nuts_id_2': 'M_Consumers.add_Nuts_Num()', 'nuts_id_3': 'M_Consumers.add_Nuts_Num()'};{}
GIE_N_103;UGS Stublach;['GIE_SR_103'];['GIE_N_103'];53.234065;-2.435024;GB;None;{'eic_code': '48XSTORENGYUK01P', 'elevation_m': 41, 'exact': 1, 'facility_code': '21W000000000101H', 'name_short': 'Stublach', 'nuts_id_1': 'UKD', 'nuts_id_2': 'UKD6', 'nuts_id_3': 'UKD63'};{'eic_code': 0, 'elevation_m': 0, 'exact': 0, 'facility_code': 0, 'name_short': 0, 'nuts_id_1': 0, 'nuts_id_2': 0, 'nuts_id_3': 0};{'eic_code': 'raw', 'elevation_m': 'Bing API', 'exact': 'raw', 'facility_code': 'raw', 'name_short': 'raw', 'nuts_id_1': 'M_Consumers.add_Nuts_Num()', 'nuts_id_2': 'M_Consumers.add_Nuts_Num()', 'nuts_id_3': 'M_Consumers.add_Nuts_Num()'};{}
GIE_N_104;UGS Holford;['GIE_SR_104'];['GIE_N_104'];53.225722;-2.405628;GB;None;{'eic_code': '21X0000000013716', 'elevation_m': 48, 'exact': 1, 'facility_code': '21W000000000112C', 'name_short': 'Holford', 'nuts_id_1': 'UKD', 'nuts_id_2': 'UKD6', 'nuts_id_3': 'UKD63'};{'eic_code': 0, 'elevation_m': 0, 'exact': 0, 'facility_code': 0, 'name_short': 0, 'nuts_id_1': 0, 'nuts_id_2': 0, 'nuts_id_3': 0};{'eic_code': 'raw', 'elevation_m': 'Bing API', 'exact': 'raw', 'facility_code': 'raw', 'name_short': 'raw', 'nuts_id_1': 'M_Consumers.add_Nuts_Num()', 'nuts_id_2': 'M_Consumers.add_Nuts_Num()', 'nuts_id_3': 'M_Consumers.add_Nuts_Num()'};{}
GIE_N_105;UGS Okoli;['GIE_SR_105'];['GIE_N_105'];45.59451;16.520556;HR;None;{'eic_code': '31X-PSP-OSS-HR-D', 'elevation_m': 98, 'exact': 1, 'facility_code': '21W000000000077P', 'name_short': 'Okoli', 'nuts_id_1': 'HR0', 'nuts_id_2': 'HR04', 'nuts_id_3': 'HR04E'};{'eic_code': 0, 'elevation_m': 0, 'exact': 0, 'facility_code': 0, 'name_short': 0, 'nuts_id_1': 0, 'nuts_id_2': 0, 'nuts_id_3': 0};{'eic_code': 'raw', 'elevation_m': 'Bing API', 'exact': 'raw', 'facility_code': 'raw', 'name_short': 'raw', 'nuts_id_1': 'M_Consumers.add_Nuts_Num()', 'nuts_id_2': 'M_Consumers.add_Nuts_Num()', 'nuts_id_3': 'M_Consumers.add_Nuts_Num()'};{}
GIE_N_106;VGS MFGT (Pusztaederics, Zsana-Nord, Kardoskut-Pusztaszolos, Hajduszoboszlo);['GIE_SR_106'];['GIE_N_106'];47.507335;21.366312;HU;None;{'eic_code': '21X0000000013635', 'elevation_m': 100, 'exact': 1, 'facility_code': '21W000000000087M', 'name_short': 'Hajduszoboszlo', 'nuts_id_1': 'HU3', 'nuts_id_2': 'HU32', 'nuts_id_3': 'HU321'};{'eic_code': 0, 'elevation_m': 0, 'exact': 0, 'facility_code': 0, 'name_short': 0, 'nuts_id_1': 0, 'nuts_id_2': 0, 'nuts_id_3': 0};{'eic_code': 'raw', 'elevation_m': 'Bing API', 'exact': 'raw', 'facility_code': 'raw', 'name_short': 'raw', 'nuts_id_1': 'M_Consumers.add_Nuts_Num()', 'nuts_id_2': 'M_Consumers.add_Nuts_Num()', 'nuts_id_3': 'M_Consumers.add_Nuts_Num()'};{}
GIE_N_107;UGS Szoereg-1;['GIE_SR_107'];['GIE_N_107'];46.302801;20.194969;HU;None;{'eic_code': '21X0000000013643', 'elevation_m': 75, 'exact': 1, 'facility_code': '21W000000000086O', 'name_short': 'Szoereg1', 'nuts_id_1': 'HU3', 'nuts_id_2': 'HU33', 'nuts_id_3': 'HU333'};{'eic_code': 0, 'elevation_m': 0, 'exact': 0, 'facility_code': 0, 'name_short': 0, 'nuts_id_1': 0, 'nuts_id_2': 0, 'nuts_id_3': 0};{'eic_code': 'raw', 'elevation_m': 'Bing API', 'exact': 'raw', 'facility_code': 'raw', 'name_short': 'raw', 'nuts_id_1': 'M_Consumers.add_Nuts_Num()', 'nuts_id_2': 'M_Consumers.add_Nuts_Num()', 'nuts_id_3': 'M_Consumers.add_Nuts_Num()'};{}
GIE_N_109;VGS Edison Stoccaggio (Collalto, Cellino, San Potito & Cotignola);['GIE_SR_109'];['GIE_N_109'];44.3;11.93;IT;None;{'eic_code': '21X0000000013651', 'elevation_m': 41, 'exact': 3, 'facility_code': '21W000000000095N', 'name_short': 'Cellino', 'nuts_id_1': 'ITH', 'nuts_id_2': 'ITH5', 'nuts_id_3': 'ITH57'};{'eic_code': 0, 'elevation_m': 0, 'exact': 0, 'facility_code': 0, 'name_short': 0, 'nuts_id_1': 0, 'nuts_id_2': 0, 'nuts_id_3': 0};{'eic_code': 'raw', 'elevation_m': 'Bing API', 'exact': 'raw', 'facility_code': 'raw', 'name_short': 'raw', 'nuts_id_1': 'M_Consumers.add_Nuts_Num()', 'nuts_id_2': 'M_Consumers.add_Nuts_Num()', 'nuts_id_3': 'M_Consumers.add_Nuts_Num()'};{}
GIE_N_110;UGS Cornegliano;['GIE_SR_110'];['GIE_N_110'];45.287745;9.462563;IT;None;{'eic_code': '59X4-IGSTORAGE-T', 'elevation_m': 70, 'exact': 1, 'facility_code': '59W-IGSTORAGE-0Q', 'name_short': 'Cornegliano', 'nuts_id_1': 'ITC', 'nuts_id_2': 'ITC4', 'nuts_id_3': 'ITC49'};{'eic_code': 0, 'elevation_m': 0, 'exact': 0, 'facility_code': 0, 'name_short': 0, 'nuts_id_1': 0, 'nuts_id_2': 0, 'nuts_id_3': 0};{'eic_code': 'raw', 'elevation_m': 'Bing API', 'exact': 'raw', 'facility_code': 'raw', 'name_short': 'raw', 'nuts_id_1': 'M_Consumers.add_Nuts_Num()', 'nuts_id_2': 'M_Consumers.add_Nuts_Num()', 'nuts_id_3': 'M_Consumers.add_Nuts_Num()'};{}
GIE_N_111;VGS STOGIT (Fiume Treste, Bordolano, Sabbioncello, Minerbio, Sergnano, Ripalta, Cortemaggiore, Brugherio, Settala);['GIE_SR_111'];['GIE_N_111'];44.991076;9.920891;IT;None;{'eic_code': '21X000000001250I', 'elevation_m': 51, 'exact': 1, 'facility_code': '21Z000000000274I', 'name_short': 'Bordolano', 'nuts_id_1': 'ITH', 'nuts_id_2': 'ITH5', 'nuts_id_3': 'ITH51'};{'eic_code': 0, 'elevation_m': 0, 'exact': 0, 'facility_code': 0, 'name_short': 0, 'nuts_id_1': 0, 'nuts_id_2': 0, 'nuts_id_3': 0};{'eic_code': 'raw', 'elevation_m': 'Bing API', 'exact': 'raw', 'facility_code': 'raw', 'name_short': 'raw', 'nuts_id_1': 'M_Consumers.add_Nuts_Num()', 'nuts_id_2': 'M_Consumers.add_Nuts_Num()', 'nuts_id_3': 'M_Consumers.add_Nuts_Num()'};{}
GIE_N_112;UGS Incukalns;['GIE_SR_112'];['GIE_N_112'];57.169567;24.696409;LV;None;{'eic_code': '21X000000001379R', 'elevation_m': 49, 'exact': 1, 'facility_code': '21W000000000113A', 'name_short': 'Incukalns', 'nuts_id_1': 'LV0', 'nuts_id_2': 'LV00', 'nuts_id_3': 'LV007'};{'eic_code': 0, 'elevation_m': 0, 'exact': 0, 'facility_code': 0, 'name_short': 0, 'nuts_id_1': 0, 'nuts_id_2': 0, 'nuts_id_3': 0};{'eic_code': 'raw', 'elevation_m': 'Bing API', 'exact': 'raw', 'facility_code': 'raw', 'name_short': 'raw', 'nuts_id_1': 'M_Consumers.add_Nuts_Num()', 'nuts_id_2': 'M_Consumers.add_Nuts_Num()', 'nuts_id_3': 'M_Consumers.add_Nuts_Num()'};{}
GIE_N_113;UGS EnergyStock;['GIE_SR_113'];['GIE_N_113'];51.8;5.7;NL;None;{'eic_code': '21X000000001057C', 'elevation_m': 10, 'exact': 5, 'facility_code': '21W000000000006B', 'name_short': 'EnergyStock', 'nuts_id_1': 'NL2', 'nuts_id_2': 'NL22', 'nuts_id_3': 'NL226'};{'eic_code': 0, 'elevation_m': 0, 'exact': 0, 'facility_code': 0, 'name_short': 0, 'nuts_id_1': 0, 'nuts_id_2': 0, 'nuts_id_3': 0};{'eic_code': 'raw', 'elevation_m': 'Bing API', 'exact': 'raw', 'facility_code': 'raw', 'name_short': 'raw', 'nuts_id_1': 'M_Consumers.add_Nuts_Num()', 'nuts_id_2': 'M_Consumers.add_Nuts_Num()', 'nuts_id_3': 'M_Consumers.add_Nuts_Num()'};{}
GIE_N_114;UGS Grijpskerk;['GIE_SR_114'];['GIE_N_114'];53.278554;6.31028;NL;None;{'eic_code': '21X000000001075A', 'elevation_m': -3, 'exact': 1, 'facility_code': '21W000000000001L', 'name_short': 'Grijpskerk', 'nuts_id_1': 'NL1', 'nuts_id_2': 'NL11', 'nuts_id_3': 'NL113'};{'eic_code': 0, 'elevation_m': 0, 'exact': 0, 'facility_code': 0, 'name_short': 0, 'nuts_id_1': 0, 'nuts_id_2': 0, 'nuts_id_3': 0};{'eic_code': 'raw', 'elevation_m': 'Bing API', 'exact': 'raw', 'facility_code': 'raw', 'name_short': 'raw', 'nuts_id_1': 'M_Consumers.add_Nuts_Num()', 'nuts_id_2': 'M_Consumers.add_Nuts_Num()', 'nuts_id_3': 'M_Consumers.add_Nuts_Num()'};{}
GIE_N_115;UGS Norg (Langelo);['GIE_SR_115'];['GIE_N_115'];53.090774;6.430666;NL;None;{'eic_code': '21X000000001075A', 'elevation_m': 3, 'exact': 1, 'facility_code': '21W000000000015A', 'name_short': 'Norg', 'nuts_id_1': 'NL1', 'nuts_id_2': 'NL13', 'nuts_id_3': 'NL131'};{'eic_code': 0, 'elevation_m': 0, 'exact': 0, 'facility_code': 0, 'name_short': 0, 'nuts_id_1': 0, 'nuts_id_2': 0, 'nuts_id_3': 0};{'eic_code': 'raw', 'elevation_m': 'Bing API', 'exact': 'raw', 'facility_code': 'raw', 'name_short': 'raw', 'nuts_id_1': 'M_Consumers.add_Nuts_Num()', 'nuts_id_2': 'M_Consumers.add_Nuts_Num()', 'nuts_id_3': 'M_Consumers.add_Nuts_Num()'};{}
GIE_N_116;UGS Bergermeer;['GIE_SR_116'];['GIE_N_116'];52.639238;4.744591;NL;None;{'eic_code': '21X000000001120V', 'elevation_m': 0, 'exact': 2, 'facility_code': '21W0000000000087', 'name_short': 'Bergermeer', 'nuts_id_1': 'NL3', 'nuts_id_2': 'NL32', 'nuts_id_3': 'NL328'};{'eic_code': 0, 'elevation_m': 0, 'exact': 0, 'facility_code': 0, 'name_short': 0, 'nuts_id_1': 0, 'nuts_id_2': 0, 'nuts_id_3': 0};{'eic_code': 'raw', 'elevation_m': 'Bing API', 'exact': 'raw', 'facility_code': 'raw', 'name_short': 'raw', 'nuts_id_1': 'M_Consumers.add_Nuts_Num()', 'nuts_id_2': 'M_Consumers.add_Nuts_Num()', 'nuts_id_3': 'M_Consumers.add_Nuts_Num()'};{}
GIE_N_117;UGS Alkmaar;['GIE_SR_117'];['GIE_N_117'];52.650953;4.716946;NL;None;{'eic_code': '21X0000000013732', 'elevation_m': 0, 'exact': 1, 'facility_code': '21W000000000002J', 'name_short': 'Alkmaar', 'nuts_id_1': 'NL3', 'nuts_id_2': 'NL32', 'nuts_id_3': 'NL328'};{'eic_code': 0, 'elevation_m': 0, 'exact': 0, 'facility_code': 0, 'name_short': 0, 'nuts_id_1': 0, 'nuts_id_2': 0, 'nuts_id_3': 0};{'eic_code': 'raw', 'elevation_m': 'Bing API', 'exact': 'raw', 'facility_code': 'raw', 'name_short': 'raw', 'nuts_id_1': 'M_Consumers.add_Nuts_Num()', 'nuts_id_2': 'M_Consumers.add_Nuts_Num()', 'nuts_id_3': 'M_Consumers.add_Nuts_Num()'};{}
GIE_N_119;UGS Wierzchowice;['GIE_SR_119'];['GIE_N_119'];51.475463;17.306302;PL;None;{'eic_code': '53XPL000000OSMP5', 'elevation_m': 114, 'exact': 1, 'facility_code': '21Z000000000381H', 'name_short': 'Wierzchowice', 'nuts_id_1': 'PL5', 'nuts_id_2': 'PL51', 'nuts_id_3': 'PL518'};{'eic_code': 0, 'elevation_m': 0, 'exact': 0, 'facility_code': 0, 'name_short': 0, 'nuts_id_1': 0, 'nuts_id_2': 0, 'nuts_id_3': 0};{'eic_code': 'raw', 'elevation_m': 'Bing API', 'exact': 'raw', 'facility_code': 'raw', 'name_short': 'raw', 'nuts_id_1': 'M_Consumers.add_Nuts_Num()', 'nuts_id_2': 'M_Consumers.add_Nuts_Num()', 'nuts_id_3': 'M_Consumers.add_Nuts_Num()'};{}
GIE_N_120;VGS GIM Kawerna (Kosakowo, Mogilno);['GIE_SR_120'];['GIE_N_120'];54.606362;18.454148;PL;None;{'eic_code': '53XPL000000OSMP5', 'elevation_m': 51, 'exact': 1, 'facility_code': '21Z000000000383D', 'name_short': 'Mogilno', 'nuts_id_1': 'PL6', 'nuts_id_2': 'PL63', 'nuts_id_3': 'PL634'};{'eic_code': 0, 'elevation_m': 0, 'exact': 0, 'facility_code': 0, 'name_short': 0, 'nuts_id_1': 0, 'nuts_id_2': 0, 'nuts_id_3': 0};{'eic_code': 'raw', 'elevation_m': 'Bing API', 'exact': 'raw', 'facility_code': 'raw', 'name_short': 'raw', 'nuts_id_1': 'M_Consumers.add_Nuts_Num()', 'nuts_id_2': 'M_Consumers.add_Nuts_Num()', 'nuts_id_3': 'M_Consumers.add_Nuts_Num()'};{}
GIE_N_121;VGS GIM Sanok (Brzeznica, Husow, Strachocina, Swarzow);['GIE_SR_121'];['GIE_N_121'];49.62671;22.072274;PL;None;{'eic_code': '53XPL000000OSMP5', 'elevation_m': 301, 'exact': 1, 'facility_code': '21Z000000000382F', 'name_short': 'Brzeznica', 'nuts_id_1': 'PL8', 'nuts_id_2': 'PL82', 'nuts_id_3': 'PL821'};{'eic_code': 0, 'elevation_m': 0, 'exact': 0, 'facility_code': 0, 'name_short': 0, 'nuts_id_1': 0, 'nuts_id_2': 0, 'nuts_id_3': 0};{'eic_code': 'raw', 'elevation_m': 'Bing API', 'exact': 'raw', 'facility_code': 'raw', 'name_short': 'raw', 'nuts_id_1': 'M_Consumers.add_Nuts_Num()', 'nuts_id_2': 'M_Consumers.add_Nuts_Num()', 'nuts_id_3': 'M_Consumers.add_Nuts_Num()'};{}
GIE_N_122;UGS Carrico;['GIE_SR_122'];['GIE_N_122'];39.983508;-8.85463;PT;None;{'eic_code': '21X0000000013627', 'elevation_m': 41, 'exact': 1, 'facility_code': '16ZAS01--------8', 'name_short': 'Carrico', 'nuts_id_1': 'PT1', 'nuts_id_2': 'PT16', 'nuts_id_3': 'PT16F'};{'eic_code': 0, 'elevation_m': 0, 'exact': 0, 'facility_code': 0, 'name_short': 0, 'nuts_id_1': 0, 'nuts_id_2': 0, 'nuts_id_3': 0};{'eic_code': 'raw', 'elevation_m': 'Bing API', 'exact': 'raw', 'facility_code': 'raw', 'name_short': 'raw', 'nuts_id_1': 'M_Consumers.add_Nuts_Num()', 'nuts_id_2': 'M_Consumers.add_Nuts_Num()', 'nuts_id_3': 'M_Consumers.add_Nuts_Num()'};{}
GIE_N_123;UGS Targu Mures;['GIE_SR_123'];['GIE_N_123'];46.565927;24.553105;RO;None;{'eic_code': '21X000000001300T', 'elevation_m': 420, 'exact': 2, 'facility_code': '21Z000000000309P', 'name_short': 'TarguMures', 'nuts_id_1': 'RO1', 'nuts_id_2': 'RO12', 'nuts_id_3': 'RO125'};{'eic_code': 0, 'elevation_m': 0, 'exact': 0, 'facility_code': 0, 'name_short': 0, 'nuts_id_1': 0, 'nuts_id_2': 0, 'nuts_id_3': 0};{'eic_code': 'raw', 'elevation_m': 'Bing API', 'exact': 'raw', 'facility_code': 'raw', 'name_short': 'raw', 'nuts_id_1': 'M_Consumers.add_Nuts_Num()', 'nuts_id_2': 'M_Consumers.add_Nuts_Num()', 'nuts_id_3': 'M_Consumers.add_Nuts_Num()'};{}
GIE_N_124;UGS Balaceanca;['GIE_SR_124'];['GIE_N_124'];44.389969;26.310924;RO;None;{'eic_code': '21X-DEPOGAZ-AGSI', 'elevation_m': 68, 'exact': 1, 'facility_code': '21Z0000000003111', 'name_short': 'Balaceanca', 'nuts_id_1': 'RO3', 'nuts_id_2': 'RO31', 'nuts_id_3': 'RO322'};{'eic_code': 0, 'elevation_m': 0, 'exact': 0, 'facility_code': 0, 'name_short': 0, 'nuts_id_1': 0, 'nuts_id_2': 0, 'nuts_id_3': 0};{'eic_code': 'raw', 'elevation_m': 'Bing API', 'exact': 'raw', 'facility_code': 'raw', 'name_short': 'raw', 'nuts_id_1': 'M_Consumers.add_Nuts_Num()', 'nuts_id_2': 'M_Consumers.add_Nuts_Num()', 'nuts_id_3': 'M_Consumers.add_Nuts_Num()'};{}
GIE_N_125;UGS Bilciuresti;['GIE_SR_125'];['GIE_N_125'];44.690654;25.775177;RO;None;{'eic_code': '21X-DEPOGAZ-AGSI', 'elevation_m': 144, 'exact': 1, 'facility_code': '21Z000000000313Y', 'name_short': 'Bilciuresti', 'nuts_id_1': 'RO3', 'nuts_id_2': 'RO31', 'nuts_id_3': 'RO313'};{'eic_code': 0, 'elevation_m': 0, 'exact': 0, 'facility_code': 0, 'name_short': 0, 'nuts_id_1': 0, 'nuts_id_2': 0, 'nuts_id_3': 0};{'eic_code': 'raw', 'elevation_m': 'Bing API', 'exact': 'raw', 'facility_code': 'raw', 'name_short': 'raw', 'nuts_id_1': 'M_Consumers.add_Nuts_Num()', 'nuts_id_2': 'M_Consumers.add_Nuts_Num()', 'nuts_id_3': 'M_Consumers.add_Nuts_Num()'};{}
GIE_N_126;UGS Cetatea de Balta;['GIE_SR_126'];['GIE_N_126'];46.23695;24.208115;RO;None;{'eic_code': '21X-DEPOGAZ-AGSI', 'elevation_m': 372, 'exact': 1, 'facility_code': '21Z000000000316S', 'name_short': 'CetateadeBalta', 'nuts_id_1': 'RO1', 'nuts_id_2': 'RO12', 'nuts_id_3': 'RO121'};{'eic_code': 0, 'elevation_m': 0, 'exact': 0, 'facility_code': 0, 'name_short': 0, 'nuts_id_1': 0, 'nuts_id_2': 0, 'nuts_id_3': 0};{'eic_code': 'raw', 'elevation_m': 'Bing API', 'exact': 'raw', 'facility_code': 'raw', 'name_short': 'raw', 'nuts_id_1': 'M_Consumers.add_Nuts_Num()', 'nuts_id_2': 'M_Consumers.add_Nuts_Num()', 'nuts_id_3': 'M_Consumers.add_Nuts_Num()'};{}
GIE_N_127;UGS Ghercesti;['GIE_SR_127'];['GIE_N_127'];44.352658;23.886504;RO;None;{'eic_code': '21X-DEPOGAZ-AGSI', 'elevation_m': 174, 'exact': 2, 'facility_code': '21Z000000000315U', 'name_short': 'Ghercesti', 'nuts_id_1': 'RO4', 'nuts_id_2': 'RO41', 'nuts_id_3': 'RO411'};{'eic_code': 0, 'elevation_m': 0, 'exact': 0, 'facility_code': 0, 'name_short': 0, 'nuts_id_1': 0, 'nuts_id_2': 0, 'nuts_id_3': 0};{'eic_code': 'raw', 'elevation_m': 'Bing API', 'exact': 'raw', 'facility_code': 'raw', 'name_short': 'raw', 'nuts_id_1': 'M_Consumers.add_Nuts_Num()', 'nuts_id_2': 'M_Consumers.add_Nuts_Num()', 'nuts_id_3': 'M_Consumers.add_Nuts_Num()'};{}
GIE_N_128;UGS Sarma?el;['GIE_SR_128'];['GIE_N_128'];46.782414;24.183885;RO;None;{'eic_code': '21X-DEPOGAZ-AGSI', 'elevation_m': 378, 'exact': 1, 'facility_code': '21Z000000000314W', 'name_short': 'Sarmael', 'nuts_id_1': 'RO1', 'nuts_id_2': 'RO12', 'nuts_id_3': 'RO125'};{'eic_code': 0, 'elevation_m': 0, 'exact': 0, 'facility_code': 0, 'name_short': 0, 'nuts_id_1': 0, 'nuts_id_2': 0, 'nuts_id_3': 0};{'eic_code': 'raw', 'elevation_m': 'Bing API', 'exact': 'raw', 'facility_code': 'raw', 'name_short': 'raw', 'nuts_id_1': 'M_Consumers.add_Nuts_Num()', 'nuts_id_2': 'M_Consumers.add_Nuts_Num()', 'nuts_id_3': 'M_Consumers.add_Nuts_Num()'};{}
GIE_N_129;UGS Urziceni;['GIE_SR_129'];['GIE_N_129'];44.720131;26.60623;RO;None;{'eic_code': '21X-DEPOGAZ-AGSI', 'elevation_m': 55, 'exact': 1, 'facility_code': '21Z0000000003103', 'name_short': 'Urziceni', 'nuts_id_1': 'RO3', 'nuts_id_2': 'RO31', 'nuts_id_3': 'RO315'};{'eic_code': 0, 'elevation_m': 0, 'exact': 0, 'facility_code': 0, 'name_short': 0, 'nuts_id_1': 0, 'nuts_id_2': 0, 'nuts_id_3': 0};{'eic_code': 'raw', 'elevation_m': 'Bing API', 'exact': 'raw', 'facility_code': 'raw', 'name_short': 'raw', 'nuts_id_1': 'M_Consumers.add_Nuts_Num()', 'nuts_id_2': 'M_Consumers.add_Nuts_Num()', 'nuts_id_3': 'M_Consumers.add_Nuts_Num()'};{}
GIE_N_130;UGS Skallen;['GIE_SR_130'];['GIE_N_130'];56.798359;12.863828;SE;None;{'eic_code': '21X-SE-A-A0A0A-F', 'elevation_m': 105, 'exact': 2, 'facility_code': '21W0000000000435', 'name_short': 'Skallen', 'nuts_id_1': 'SE2', 'nuts_id_2': 'SE23', 'nuts_id_3': 'SE231'};{'eic_code': 0, 'elevation_m': 0, 'exact': 0, 'facility_code': 0, 'name_short': 0, 'nuts_id_1': 0, 'nuts_id_2': 0, 'nuts_id_3': 0};{'eic_code': 'raw', 'elevation_m': 'Bing API', 'exact': 'raw', 'facility_code': 'raw', 'name_short': 'raw', 'nuts_id_1': 'M_Consumers.add_Nuts_Num()', 'nuts_id_2': 'M_Consumers.add_Nuts_Num()', 'nuts_id_3': 'M_Consumers.add_Nuts_Num()'};{}
GIE_N_133;UGS Bilche-Volytsko-Uherske;['GIE_SR_133'];['GIE_N_133'];49.267;23.99;UA;None;{'eic_code': '21X0000000013279', 'elevation_m': 284, 'exact': 4, 'facility_code': '56W-UGS-BILCHE-4', 'name_short': 'BilcheVolytskoUherske', 'nuts_id_1': 'UA', 'nuts_id_2': 'UA', 'nuts_id_3': 'UA'};{'eic_code': 0, 'elevation_m': 0, 'exact': 0, 'facility_code': 0, 'name_short': 0, 'nuts_id_1': 0, 'nuts_id_2': 0, 'nuts_id_3': 0};{'eic_code': 'raw', 'elevation_m': 'Bing API', 'exact': 'raw', 'facility_code': 'raw', 'name_short': 'raw', 'nuts_id_1': 'M_Consumers.add_Nuts_Num()', 'nuts_id_2': 'M_Consumers.add_Nuts_Num()', 'nuts_id_3': 'M_Consumers.add_Nuts_Num()'};{}
GIE_N_134;UGS Bohorodchanske;['GIE_SR_134'];['GIE_N_134'];48.802;24.54;UA;None;{'eic_code': '21X0000000013279', 'elevation_m': 347, 'exact': 3, 'facility_code': '56W-UGS-BOHORO-4', 'name_short': 'Bohorodchanske', 'nuts_id_1': 'UA', 'nuts_id_2': 'UA', 'nuts_id_3': 'UA'};{'eic_code': 0, 'elevation_m': 0, 'exact': 0, 'facility_code': 0, 'name_short': 0, 'nuts_id_1': 0, 'nuts_id_2': 0, 'nuts_id_3': 0};{'eic_code': 'raw', 'elevation_m': 'Bing API', 'exact': 'raw', 'facility_code': 'raw', 'name_short': 'raw', 'nuts_id_1': 'M_Consumers.add_Nuts_Num()', 'nuts_id_2': 'M_Consumers.add_Nuts_Num()', 'nuts_id_3': 'M_Consumers.add_Nuts_Num()'};{}
GIE_N_135;UGS Chervonopartyzanske;['GIE_SR_135'];['GIE_N_135'];48.723;34.666;UA;None;{'eic_code': '21X0000000013279', 'elevation_m': 71, 'exact': 3, 'facility_code': '56W-UGS-CHERVO-W', 'name_short': 'Chervonopartyzanske', 'nuts_id_1': 'UA', 'nuts_id_2': 'UA', 'nuts_id_3': 'UA'};{'eic_code': 0, 'elevation_m': 0, 'exact': 0, 'facility_code': 0, 'name_short': 0, 'nuts_id_1': 0, 'nuts_id_2': 0, 'nuts_id_3': 0};{'eic_code': 'raw', 'elevation_m': 'Bing API', 'exact': 'raw', 'facility_code': 'raw', 'name_short': 'raw', 'nuts_id_1': 'M_Consumers.add_Nuts_Num()', 'nuts_id_2': 'M_Consumers.add_Nuts_Num()', 'nuts_id_3': 'M_Consumers.add_Nuts_Num()'};{}
GIE_N_136;UGS Dashavske;['GIE_SR_136'];['GIE_N_136'];49.267;24.235;UA;None;{'eic_code': '21X0000000013279', 'elevation_m': 251, 'exact': 4, 'facility_code': '56W-UGS-DASHAV-S', 'name_short': 'Dashavske', 'nuts_id_1': 'UA', 'nuts_id_2': 'UA', 'nuts_id_3': 'UA'};{'eic_code': 0, 'elevation_m': 0, 'exact': 0, 'facility_code': 0, 'name_short': 0, 'nuts_id_1': 0, 'nuts_id_2': 0, 'nuts_id_3': 0};{'eic_code': 'raw', 'elevation_m': 'Bing API', 'exact': 'raw', 'facility_code': 'raw', 'name_short': 'raw', 'nuts_id_1': 'M_Consumers.add_Nuts_Num()', 'nuts_id_2': 'M_Consumers.add_Nuts_Num()', 'nuts_id_3': 'M_Consumers.add_Nuts_Num()'};{}
GIE_N_137;UGS Kehychivske;['GIE_SR_137'];['GIE_N_137'];49.46;37.5;UA;None;{'eic_code': '21X0000000013279', 'elevation_m': 155, 'exact': 4, 'facility_code': '56W-UGS-KEHYCH-X', 'name_short': 'Kehychivske', 'nuts_id_1': 'UA', 'nuts_id_2': 'UA', 'nuts_id_3': 'UA'};{'eic_code': 0, 'elevation_m': 0, 'exact': 0, 'facility_code': 0, 'name_short': 0, 'nuts_id_1': 0, 'nuts_id_2': 0, 'nuts_id_3': 0};{'eic_code': 'raw', 'elevation_m': 'Bing API', 'exact': 'raw', 'facility_code': 'raw', 'name_short': 'raw', 'nuts_id_1': 'M_Consumers.add_Nuts_Num()', 'nuts_id_2': 'M_Consumers.add_Nuts_Num()', 'nuts_id_3': 'M_Consumers.add_Nuts_Num()'};{}
GIE_N_138;UGS Krasnopopivske;['GIE_SR_138'];['GIE_N_138'];49.46;37.6;UA;None;{'eic_code': '21X0000000013279', 'elevation_m': 138, 'exact': 4, 'facility_code': '56W-UGS-KRPOPY-Q', 'name_short': 'Krasnopopivske', 'nuts_id_1': 'UA', 'nuts_id_2': 'UA', 'nuts_id_3': 'UA'};{'eic_code': 0, 'elevation_m': 0, 'exact': 0, 'facility_code': 0, 'name_short': 0, 'nuts_id_1': 0, 'nuts_id_2': 0, 'nuts_id_3': 0};{'eic_code': 'raw', 'elevation_m': 'Bing API', 'exact': 'raw', 'facility_code': 'raw', 'name_short': 'raw', 'nuts_id_1': 'M_Consumers.add_Nuts_Num()', 'nuts_id_2': 'M_Consumers.add_Nuts_Num()', 'nuts_id_3': 'M_Consumers.add_Nuts_Num()'};{}
GIE_N_139;UGS Olyshivske;['GIE_SR_139'];['GIE_N_139'];49.46;37.7;UA;None;{'eic_code': '21X0000000013279', 'elevation_m': 149, 'exact': 4, 'facility_code': '56W-UGS-OLYSHI-5', 'name_short': 'Olyshivske', 'nuts_id_1': 'UA', 'nuts_id_2': 'UA', 'nuts_id_3': 'UA'};{'eic_code': 0, 'elevation_m': 0, 'exact': 0, 'facility_code': 0, 'name_short': 0, 'nuts_id_1': 0, 'nuts_id_2': 0, 'nuts_id_3': 0};{'eic_code': 'raw', 'elevation_m': 'Bing API', 'exact': 'raw', 'facility_code': 'raw', 'name_short': 'raw', 'nuts_id_1': 'M_Consumers.add_Nuts_Num()', 'nuts_id_2': 'M_Consumers.add_Nuts_Num()', 'nuts_id_3': 'M_Consumers.add_Nuts_Num()'};{}
GIE_N_140;UGS Oparske;['GIE_SR_140'];['GIE_N_140'];49.44;23.6;UA;None;{'eic_code': '21X0000000013279', 'elevation_m': 278, 'exact': 4, 'facility_code': '56W-UGS-OPARSK-2', 'name_short': 'Oparske', 'nuts_id_1': 'UA', 'nuts_id_2': 'UA', 'nuts_id_3': 'UA'};{'eic_code': 0, 'elevation_m': 0, 'exact': 0, 'facility_code': 0, 'name_short': 0, 'nuts_id_1': 0, 'nuts_id_2': 0, 'nuts_id_3': 0};{'eic_code': 'raw', 'elevation_m': 'Bing API', 'exact': 'raw', 'facility_code': 'raw', 'name_short': 'raw', 'nuts_id_1': 'M_Consumers.add_Nuts_Num()', 'nuts_id_2': 'M_Consumers.add_Nuts_Num()', 'nuts_id_3': 'M_Consumers.add_Nuts_Num()'};{}
GIE_N_141;UGS Proletarske;['GIE_SR_141'];['GIE_N_141'];49.0202;35.16;UA;None;{'eic_code': '21X0000000013279', 'elevation_m': 117, 'exact': 3, 'facility_code': '56W-UGS-PROLET-T', 'name_short': 'Proletarske', 'nuts_id_1': 'UA', 'nuts_id_2': 'UA', 'nuts_id_3': 'UA'};{'eic_code': 0, 'elevation_m': 0, 'exact': 0, 'facility_code': 0, 'name_short': 0, 'nuts_id_1': 0, 'nuts_id_2': 0, 'nuts_id_3': 0};{'eic_code': 'raw', 'elevation_m': 'Bing API', 'exact': 'raw', 'facility_code': 'raw', 'name_short': 'raw', 'nuts_id_1': 'M_Consumers.add_Nuts_Num()', 'nuts_id_2': 'M_Consumers.add_Nuts_Num()', 'nuts_id_3': 'M_Consumers.add_Nuts_Num()'};{}
GIE_N_142;UGS Solokhivske;['GIE_SR_142'];['GIE_N_142'];49.46;37.8;UA;None;{'eic_code': '21X0000000013279', 'elevation_m': 164, 'exact': 4, 'facility_code': '56W-UGS-SOLOKH-4', 'name_short': 'Solokhivske', 'nuts_id_1': 'UA', 'nuts_id_2': 'UA', 'nuts_id_3': 'UA'};{'eic_code': 0, 'elevation_m': 0, 'exact': 0, 'facility_code': 0, 'name_short': 0, 'nuts_id_1': 0, 'nuts_id_2': 0, 'nuts_id_3': 0};{'eic_code': 'raw', 'elevation_m': 'Bing API', 'exact': 'raw', 'facility_code': 'raw', 'name_short': 'raw', 'nuts_id_1': 'M_Consumers.add_Nuts_Num()', 'nuts_id_2': 'M_Consumers.add_Nuts_Num()', 'nuts_id_3': 'M_Consumers.add_Nuts_Num()'};{}
GIE_N_144;UGS Verhunske;['GIE_SR_144'];['GIE_N_144'];49.46;37.9;UA;None;{'eic_code': '21X0000000013279', 'elevation_m': 173, 'exact': 4, 'facility_code': '56W-UGS-VERHUN-S', 'name_short': 'Verhunske', 'nuts_id_1': 'UA', 'nuts_id_2': 'UA', 'nuts_id_3': 'UA'};{'eic_code': 0, 'elevation_m': 0, 'exact': 0, 'facility_code': 0, 'name_short': 0, 'nuts_id_1': 0, 'nuts_id_2': 0, 'nuts_id_3': 0};{'eic_code': 'raw', 'elevation_m': 'Bing API', 'exact': 'raw', 'facility_code': 'raw', 'name_short': 'raw', 'nuts_id_1': 'M_Consumers.add_Nuts_Num()', 'nuts_id_2': 'M_Consumers.add_Nuts_Num()', 'nuts_id_3': 'M_Consumers.add_Nuts_Num()'};{}
